نام خط,شماره دکل,ساختار دکل,نوع دکل,نوع پایه,ارتفاع پایه A,ارتفاع پایه B,ارتفاع پایه C,ارتفاع پایه D,نوع مقره R مدار اول,نوع مقره S مدار اول,نوع مقره T مدار اول,نوع مقره R مدار دوم,نوع مقره S مدار دوم,نوع مقره T مدار دوم,تعداد R مدار اول,تعداد S مدار اول,تعداد T مدار اول,تعداد R مدار دوم,تعداد S مدار دوم,تعداد T مدار دوم,طول جغرافیایی,عرض جغرافیایی
اسلام آباد-دالاهو-سرپلذهاب,T0,مشبک فلزی,NN,آویزی,25,10,10,10,سرامیکی,سرامیکی,سرامیکی,سرامیکی,سرامیکی,سرامیکی,6,6,6,6,6,6
اسلام آباد-دالاهو-سرپلذهاب,Te1,مشبک فلزی,NN,آویزی,25,10,10,10,سرامیکی,سرامیکی,سرامیکی,سرامیکی,سرامیکی,سرامیکی,6,6,6,6,6,6
اسلام آباد-دالاهو-سرپلذهاب,T1,مشبک فلزی,NN,آویزی,25,10,10,10,سرامیکی,سرامیکی,سرامیکی,سرامیکی,سرامیکی,سرامیکی,6,6,6,6,6,6
اسلام آباد-دالاهو-سرپلذهاب,T2,مشبک فلزی,NN,آویزی,25,10,10,10,سرامیکی,سرامیکی,سرامیکی,سرامیکی,سرامیکی,سرامیکی,6,6,6,6,6,6
اسلام آباد-دالاهو-سرپلذهاب,S3,مشبک فلزی,NN,آویزی,25,10,10,10,سرامیکی,سرامیکی,سرامیکی,سرامیکی,سرامیکی,سرامیکی,6,6,6,6,6,6
اسلام آباد-دالاهو-سرپلذهاب,S4,مشبک فلزی,NN,آویزی,25,10,10,10,سیلیکونی,سرامیکی,سرامیکی,سرامیکی,سرامیکی,سرامیکی,6,6,6,6,6,6
اسلام آباد-دالاهو-سرپلذهاب,S5,مشبک فلزی,NN,آویزی,25,10,10,10,سرامیکی,سرامیکی,سرامیکی,سرامیکی,سرامیکی,سرامیکی,6,6,6,6,6,6
اسلام آباد-دالاهو-سرپلذهاب,S6,مشبک فلزی,NN,آویزی,25,10,10,10,سرامیکی,سرامیکی,سرامیکی,سرامیکی,سرامیکی,سرامیکی,6,6,6,6,6,6
اسلام آباد-دالاهو-سرپلذهاب,T7,مشبک فلزی,NN,آویزی,25,10,10,10,سرامیکی,سرامیکی,سرامیکی,سرامیکی,سرامیکی,سرامیکی,6,6,6,6,6,6
اسلام آباد-دالاهو-سرپلذهاب,S8,مشبک فلزی,NN,آویزی,25,10,10,10,سرامیکی,سرامیکی,سرامیکی,سرامیکی,سرامیکی,سرامیکی,6,6,6,6,6,6
اسلام آباد-دالاهو-سرپلذهاب,S9,مشبک فلزی,NN,آویزی,25,10,10,10,سرامیکی,سرامیکی,سرامیکی,سرامیکی,سرامیکی,سرامیکی,6,6,6,6,6,6
اسلام آباد-دالاهو-سرپلذهاب,S10,مشبک فلزی,NN,آویزی,25,10,10,10,سرامیکی,سرامیکی,سرامیکی,سرامیکی,سرامیکی,سرامیکی,6,6,6,6,6,6
اسلام آباد-دالاهو-سرپلذهاب,S11,مشبک فلزی,NN,آویزی,25,10,10,10,سرامیکی,سرامیکی,سرامیکی,سرامیکی,سرامیکی,سرامیکی,6,6,6,6,6,6
اسلام آباد-دالاهو-سرپلذهاب,S12,مشبک فلزی,NN,آویزی,25,10,10,10,سرامیکی,سرامیکی,سرامیکی,سرامیکی,سرامیکی,سرامیکی,6,6,6,6,6,6
اسلام آباد-دالاهو-سرپلذهاب,S13,مشبک فلزی,NN,آویزی,25,10,10,10,سرامیکی,سرامیکی,سرامیکی,سرامیکی,سرامیکی,سرامیکی,6,6,6,6,6,6
اسلام آباد-دالاهو-سرپلذهاب,S14,مشبک فلزی,NN,آویزی,25,10,10,10,سرامیکی,سرامیکی,سرامیکی,سرامیکی,سرامیکی,سرامیکی,6,6,6,6,6,6
اسلام آباد-دالاهو-سرپلذهاب,S15,مشبک فلزی,NN,آویزی,25,10,10,10,سرامیکی,سرامیکی,سرامیکی,سرامیکی,سرامیکی,سرامیکی,6,6,6,6,6,6
اسلام آباد-دالاهو-سرپلذهاب,S16,مشبک فلزی,NN,آویزی,25,10,10,10,سرامیکی,سرامیکی,سرامیکی,سرامیکی,سرامیکی,سرامیکی,6,6,6,6,6,6
اسلام آباد-دالاهو-سرپلذهاب,S17,مشبک فلزی,NN,آویزی,25,10,10,10,سرامیکی,سرامیکی,سرامیکی,سرامیکی,سرامیکی,سرامیکی,6,6,6,6,6,6
اسلام آباد-دالاهو-سرپلذهاب,S18,مشبک فلزی,NN,آویزی,25,10,10,10,سرامیکی,سرامیکی,سرامیکی,سرامیکی,سرامیکی,سرامیکی,6,6,6,6,6,6
اسلام آباد-دالاهو-سرپلذهاب,S19,مشبک فلزی,NN,آویزی,25,10,10,10,سرامیکی,سرامیکی,سرامیکی,سرامیکی,سرامیکی,سرامیکی,6,6,6,6,6,6
اسلام آباد-دالاهو-سرپلذهاب,T20,مشبک فلزی,NN,آویزی,25,10,10,10,سرامیکی,سرامیکی,سرامیکی,سرامیکی,سرامیکی,سرامیکی,6,6,6,6,6,6
اسلام آباد-دالاهو-سرپلذهاب,S21,مشبک فلزی,NN,آویزی,25,10,10,10,سرامیکی,سرامیکی,سرامیکی,سرامیکی,سرامیکی,سرامیکی,6,6,6,6,6,6
اسلام آباد-دالاهو-سرپلذهاب,S22,مشبک فلزی,NN,آویزی,25,10,10,10,سرامیکی,سرامیکی,سرامیکی,سرامیکی,سرامیکی,سرامیکی,6,6,6,6,6,6
اسلام آباد-دالاهو-سرپلذهاب,S23,مشبک فلزی,NN,آویزی,25,10,10,10,سرامیکی,سرامیکی,سرامیکی,سرامیکی,سرامیکی,سرامیکی,6,6,6,6,6,6
اسلام آباد-دالاهو-سرپلذهاب,S24,مشبک فلزی,NN,آویزی,25,10,10,10,سرامیکی,سرامیکی,سرامیکی,سرامیکی,سرامیکی,سرامیکی,6,6,6,6,6,6
اسلام آباد-دالاهو-سرپلذهاب,S25,مشبک فلزی,NN,آویزی,25,10,10,10,سرامیکی,سرامیکی,سرامیکی,سرامیکی,سرامیکی,سرامیکی,6,6,6,6,6,6
اسلام آباد-دالاهو-سرپلذهاب,S26,مشبک فلزی,NN,آویزی,25,10,10,10,سرامیکی,سرامیکی,سرامیکی,سرامیکی,سرامیکی,سرامیکی,6,6,6,6,6,6
اسلام آباد-دالاهو-سرپلذهاب,T27,مشبک فلزی,NN,آویزی,25,10,10,10,سرامیکی,سرامیکی,سرامیکی,سرامیکی,سرامیکی,سرامیکی,6,6,6,6,6,6
اسلام آباد-دالاهو-سرپلذهاب,S28,مشبک فلزی,NN,آویزی,25,10,10,10,سرامیکی,سرامیکی,سرامیکی,سرامیکی,سرامیکی,سرامیکی,6,6,6,6,6,6
اسلام آباد-دالاهو-سرپلذهاب,T29,مشبک فلزی,NN,آویزی,25,10,10,10,سرامیکی,سرامیکی,سرامیکی,سرامیکی,سرامیکی,سرامیکی,6,6,6,6,6,6
اسلام آباد-دالاهو-سرپلذهاب,S30,مشبک فلزی,NN,آویزی,25,10,10,10,سرامیکی,سرامیکی,سرامیکی,سرامیکی,سرامیکی,سرامیکی,6,6,6,6,6,6
اسلام آباد-دالاهو-سرپلذهاب,T31,مشبک فلزی,NN,آویزی,25,10,10,10,سرامیکی,سرامیکی,سرامیکی,سرامیکی,سرامیکی,سرامیکی,6,6,6,6,6,6
اسلام آباد-دالاهو-سرپلذهاب,T32,مشبک فلزی,NN,آویزی,25,10,10,10,سرامیکی,سرامیکی,سرامیکی,سرامیکی,سرامیکی,سرامیکی,6,6,6,6,6,6
اسلام آباد-دالاهو-سرپلذهاب,S33,مشبک فلزی,NN,آویزی,25,10,10,10,سرامیکی,سرامیکی,سرامیکی,سرامیکی,سرامیکی,سرامیکی,6,6,6,6,6,6
اسلام آباد-دالاهو-سرپلذهاب,S34,مشبک فلزی,NN,آویزی,25,10,10,10,سرامیکی,سرامیکی,سرامیکی,سرامیکی,سرامیکی,سرامیکی,6,6,6,6,6,6
اسلام آباد-دالاهو-سرپلذهاب,T35,مشبک فلزی,NN,آویزی,25,10,10,10,سرامیکی,سرامیکی,سرامیکی,سرامیکی,سرامیکی,سرامیکی,6,6,6,6,6,6
اسلام آباد-دالاهو-سرپلذهاب,S36,مشبک فلزی,NN,آویزی,25,10,10,10,سرامیکی,سرامیکی,سرامیکی,سرامیکی,سرامیکی,سرامیکی,6,6,6,6,6,6
اسلام آباد-دالاهو-سرپلذهاب,S37,مشبک فلزی,NN,آویزی,25,10,10,10,سرامیکی,سرامیکی,سرامیکی,سرامیکی,سرامیکی,سرامیکی,6,6,6,6,6,6
اسلام آباد-دالاهو-سرپلذهاب,S38,مشبک فلزی,NN,آویزی,25,10,10,10,سرامیکی,سرامیکی,سرامیکی,سرامیکی,سرامیکی,سرامیکی,6,6,6,6,6,6
اسلام آباد-دالاهو-سرپلذهاب,S39,مشبک فلزی,NN,آویزی,25,10,10,10,سرامیکی,سرامیکی,سرامیکی,سرامیکی,سرامیکی,سرامیکی,6,6,6,6,6,6
اسلام آباد-دالاهو-سرپلذهاب,S40,مشبک فلزی,NN,آویزی,25,10,10,10,سرامیکی,سرامیکی,سرامیکی,سرامیکی,سرامیکی,سرامیکی,6,6,6,6,6,6
اسلام آباد-دالاهو-سرپلذهاب,S41,مشبک فلزی,NN,آویزی,25,10,10,10,سرامیکی,سرامیکی,سرامیکی,سرامیکی,سرامیکی,سرامیکی,6,6,6,6,6,6
اسلام آباد-دالاهو-سرپلذهاب,S42,مشبک فلزی,NN,آویزی,25,10,10,10,سرامیکی,سرامیکی,سرامیکی,سرامیکی,سرامیکی,سرامیکی,6,6,6,6,6,6
اسلام آباد-دالاهو-سرپلذهاب,T43,مشبک فلزی,NN,آویزی,25,10,10,10,سرامیکی,سرامیکی,سرامیکی,سرامیکی,سرامیکی,سرامیکی,6,6,6,6,6,6
اسلام آباد-دالاهو-سرپلذهاب,S44,مشبک فلزی,NN,آویزی,25,10,10,10,سرامیکی,سرامیکی,سرامیکی,سرامیکی,سرامیکی,سرامیکی,6,6,6,6,6,6
اسلام آباد-دالاهو-سرپلذهاب,S45,مشبک فلزی,NN,آویزی,25,10,10,10,سرامیکی,سرامیکی,سرامیکی,سرامیکی,سرامیکی,سرامیکی,6,6,6,6,6,6
اسلام آباد-دالاهو-سرپلذهاب,S46,مشبک فلزی,NN,آویزی,25,10,10,10,سرامیکی,سرامیکی,سرامیکی,سرامیکی,سرامیکی,سرامیکی,6,6,6,6,6,6
اسلام آباد-دالاهو-سرپلذهاب,T47,مشبک فلزی,NN,آویزی,25,10,10,10,سرامیکی,سرامیکی,سرامیکی,سرامیکی,سرامیکی,سرامیکی,6,6,6,6,6,6
اسلام آباد-دالاهو-سرپلذهاب,S48,مشبک فلزی,NN,آویزی,25,10,10,10,سرامیکی,سرامیکی,سرامیکی,سرامیکی,سرامیکی,سرامیکی,6,6,6,6,6,6
اسلام آباد-دالاهو-سرپلذهاب,S49,مشبک فلزی,NN,آویزی,25,10,10,10,سرامیکی,سرامیکی,سرامیکی,سرامیکی,سرامیکی,سرامیکی,6,6,6,6,6,6
اسلام آباد-دالاهو-سرپلذهاب,S50,مشبک فلزی,NN,آویزی,25,10,10,10,سرامیکی,سرامیکی,سرامیکی,سرامیکی,سرامیکی,سرامیکی,6,6,6,6,6,6
اسلام آباد-دالاهو-سرپلذهاب,S51,مشبک فلزی,NN,آویزی,25,10,10,10,سرامیکی,سرامیکی,سرامیکی,سرامیکی,سرامیکی,سرامیکی,6,6,6,6,6,6
اسلام آباد-دالاهو-سرپلذهاب,S52,مشبک فلزی,NN,آویزی,25,10,10,10,سرامیکی,سرامیکی,سرامیکی,سرامیکی,سرامیکی,سرامیکی,6,6,6,6,6,6
اسلام آباد-دالاهو-سرپلذهاب,S53,مشبک فلزی,NN,آویزی,25,10,10,10,سرامیکی,سرامیکی,سرامیکی,سرامیکی,سرامیکی,سرامیکی,6,6,6,6,6,6
اسلام آباد-دالاهو-سرپلذهاب,S54,مشبک فلزی,NN,آویزی,25,10,10,10,سرامیکی,سرامیکی,سرامیکی,سرامیکی,سرامیکی,سرامیکی,6,6,6,6,6,6
اسلام آباد-دالاهو-سرپلذهاب,S55,مشبک فلزی,NN,آویزی,25,10,10,10,سرامیکی,سرامیکی,سرامیکی,سرامیکی,سرامیکی,سرامیکی,6,6,6,6,6,6
اسلام آباد-دالاهو-سرپلذهاب,S56,مشبک فلزی,NN,آویزی,25,10,10,10,سرامیکی,سرامیکی,سرامیکی,سرامیکی,سرامیکی,سرامیکی,6,6,6,6,6,6
اسلام آباد-دالاهو-سرپلذهاب,S57,مشبک فلزی,NN,آویزی,25,10,10,10,سرامیکی,سرامیکی,سرامیکی,سرامیکی,سرامیکی,سرامیکی,6,6,6,6,6,6
اسلام آباد-دالاهو-سرپلذهاب,S58,مشبک فلزی,NN,آویزی,25,10,10,10,سرامیکی,سرامیکی,سرامیکی,سرامیکی,سرامیکی,سرامیکی,6,6,6,6,6,6
اسلام آباد-دالاهو-سرپلذهاب,S59,مشبک فلزی,NN,آویزی,25,10,10,10,سرامیکی,سرامیکی,سرامیکی,سرامیکی,سرامیکی,سرامیکی,6,6,6,6,6,6
اسلام آباد-دالاهو-سرپلذهاب,S60,مشبک فلزی,NN,آویزی,25,10,10,10,سرامیکی,سرامیکی,سرامیکی,سرامیکی,سرامیکی,سرامیکی,6,6,6,6,6,6
اسلام آباد-دالاهو-سرپلذهاب,S61,مشبک فلزی,NN,آویزی,25,10,10,10,سرامیکی,سرامیکی,سرامیکی,سرامیکی,سرامیکی,سرامیکی,6,6,6,6,6,6
اسلام آباد-دالاهو-سرپلذهاب,S62,مشبک فلزی,NN,آویزی,25,10,10,10,سرامیکی,سرامیکی,سرامیکی,سرامیکی,سرامیکی,سرامیکی,6,6,6,6,6,6
اسلام آباد-دالاهو-سرپلذهاب,S63,مشبک فلزی,NN,آویزی,25,10,10,10,سرامیکی,سرامیکی,سرامیکی,سرامیکی,سرامیکی,سرامیکی,6,6,6,6,6,6
اسلام آباد-دالاهو-سرپلذهاب,S64,مشبک فلزی,NN,آویزی,25,10,10,10,سرامیکی,سرامیکی,سرامیکی,سرامیکی,سرامیکی,سرامیکی,6,6,6,6,6,6
اسلام آباد-دالاهو-سرپلذهاب,S65,مشبک فلزی,NN,آویزی,25,10,10,10,سرامیکی,سرامیکی,سرامیکی,سرامیکی,سرامیکی,سرامیکی,6,6,6,6,6,6
اسلام آباد-دالاهو-سرپلذهاب,T66,مشبک فلزی,NN,آویزی,25,10,10,10,سرامیکی,سرامیکی,سرامیکی,سرامیکی,سرامیکی,سرامیکی,6,6,6,6,6,6
اسلام آباد-دالاهو-سرپلذهاب,T67,مشبک فلزی,NN,آویزی,25,10,10,10,سرامیکی,سرامیکی,سرامیکی,سرامیکی,سرامیکی,سرامیکی,6,6,6,6,6,6
اسلام آباد-دالاهو-سرپلذهاب,S68,مشبک فلزی,NN,آویزی,25,10,10,10,سرامیکی,سرامیکی,سرامیکی,سرامیکی,سرامیکی,سرامیکی,6,6,6,6,6,6
اسلام آباد-دالاهو-سرپلذهاب,S69,مشبک فلزی,NN,آویزی,25,10,10,10,سرامیکی,سرامیکی,سرامیکی,سرامیکی,سرامیکی,سرامیکی,6,6,6,6,6,6
اسلام آباد-دالاهو-سرپلذهاب,S70,مشبک فلزی,NN,آویزی,25,10,10,10,سرامیکی,سرامیکی,سرامیکی,سرامیکی,سرامیکی,سرامیکی,6,6,6,6,6,6
اسلام آباد-دالاهو-سرپلذهاب,S71,مشبک فلزی,NN,آویزی,25,10,10,10,سرامیکی,سرامیکی,سرامیکی,سرامیکی,سرامیکی,سرامیکی,6,6,6,6,6,6
اسلام آباد-دالاهو-سرپلذهاب,T72,مشبک فلزی,NN,آویزی,25,10,10,10,سرامیکی,سرامیکی,سرامیکی,سرامیکی,سرامیکی,سرامیکی,6,6,6,6,6,6
اسلام آباد-دالاهو-سرپلذهاب,T73,مشبک فلزی,NN,آویزی,25,10,10,10,سرامیکی,سرامیکی,سرامیکی,سرامیکی,سرامیکی,سرامیکی,6,6,6,6,6,6
اسلام آباد-دالاهو-سرپلذهاب,S74,مشبک فلزی,NN,آویزی,25,10,10,10,سرامیکی,سرامیکی,سرامیکی,سرامیکی,سرامیکی,سرامیکی,6,6,6,6,6,6
اسلام آباد-دالاهو-سرپلذهاب,S75,مشبک فلزی,NN,آویزی,25,10,10,10,سرامیکی,سرامیکی,سرامیکی,سرامیکی,سرامیکی,سرامیکی,6,6,6,6,6,6
اسلام آباد-دالاهو-سرپلذهاب,S76,مشبک فلزی,NN,آویزی,25,10,10,10,سرامیکی,سرامیکی,سرامیکی,سرامیکی,سرامیکی,سرامیکی,6,6,6,6,6,6
اسلام آباد-دالاهو-سرپلذهاب,T77,مشبک فلزی,NN,آویزی,25,10,10,10,سرامیکی,سرامیکی,سرامیکی,سرامیکی,سرامیکی,سرامیکی,6,6,6,6,6,6
اسلام آباد-دالاهو-سرپلذهاب,T78,مشبک فلزی,NN,آویزی,25,10,10,10,سرامیکی,سرامیکی,سرامیکی,سرامیکی,سرامیکی,سرامیکی,6,6,6,6,6,6
اسلام آباد-دالاهو-سرپلذهاب,S79,مشبک فلزی,NN,آویزی,25,10,10,10,سرامیکی,سرامیکی,سرامیکی,سرامیکی,سرامیکی,سرامیکی,6,6,6,6,6,6
اسلام آباد-دالاهو-سرپلذهاب,S80,مشبک فلزی,NN,آویزی,25,10,10,10,سرامیکی,سرامیکی,سرامیکی,سرامیکی,سرامیکی,سرامیکی,6,6,6,6,6,6
اسلام آباد-دالاهو-سرپلذهاب,S81,مشبک فلزی,NN,آویزی,25,10,10,10,سرامیکی,سرامیکی,سرامیکی,سرامیکی,سرامیکی,سرامیکی,6,6,6,6,6,6
اسلام آباد-دالاهو-سرپلذهاب,S82,مشبک فلزی,NN,آویزی,25,10,10,10,سرامیکی,سرامیکی,سرامیکی,سرامیکی,سرامیکی,سرامیکی,6,6,6,6,6,6
اسلام آباد-دالاهو-سرپلذهاب,S83,مشبک فلزی,NN,آویزی,25,10,10,10,سرامیکی,سرامیکی,سرامیکی,سرامیکی,سرامیکی,سرامیکی,6,6,6,6,6,6
اسلام آباد-دالاهو-سرپلذهاب,S84,مشبک فلزی,NN,آویزی,25,10,10,10,سرامیکی,سرامیکی,سرامیکی,سرامیکی,سرامیکی,سرامیکی,6,6,6,6,6,6
اسلام آباد-دالاهو-سرپلذهاب,S85,مشبک فلزی,NN,آویزی,25,10,10,10,سرامیکی,سرامیکی,سرامیکی,سرامیکی,سرامیکی,سرامیکی,6,6,6,6,6,6
اسلام آباد-دالاهو-سرپلذهاب,S86,مشبک فلزی,NN,آویزی,25,10,10,10,سرامیکی,سرامیکی,سرامیکی,سرامیکی,سرامیکی,سرامیکی,6,6,6,6,6,6
اسلام آباد-دالاهو-سرپلذهاب,S87,مشبک فلزی,NN,آویزی,25,10,10,10,سرامیکی,سرامیکی,سرامیکی,سرامیکی,سرامیکی,سرامیکی,6,6,6,6,6,6
اسلام آباد-دالاهو-سرپلذهاب,S88,مشبک فلزی,NN,آویزی,25,10,10,10,سرامیکی,سرامیکی,سرامیکی,سرامیکی,سرامیکی,سرامیکی,6,6,6,6,6,6
اسلام آباد-دالاهو-سرپلذهاب,S89,مشبک فلزی,NN,آویزی,25,10,10,10,سرامیکی,سرامیکی,سرامیکی,سرامیکی,سرامیکی,سرامیکی,6,6,6,6,6,6
اسلام آباد-دالاهو-سرپلذهاب,S90,مشبک فلزی,NN,آویزی,25,10,10,10,سرامیکی,سرامیکی,سرامیکی,سرامیکی,سرامیکی,سرامیکی,6,6,6,6,6,6
اسلام آباد-دالاهو-سرپلذهاب,T91,مشبک فلزی,NN,آویزی,25,10,10,10,سرامیکی,سرامیکی,سرامیکی,سرامیکی,سرامیکی,سرامیکی,6,6,6,6,6,6
اسلام آباد-دالاهو-سرپلذهاب,S92,مشبک فلزی,NN,آویزی,25,10,10,10,سرامیکی,سرامیکی,سرامیکی,سرامیکی,سرامیکی,سرامیکی,6,6,6,6,6,6
اسلام آباد-دالاهو-سرپلذهاب,S93,مشبک فلزی,NN,آویزی,25,10,10,10,سرامیکی,سرامیکی,سرامیکی,سرامیکی,سرامیکی,سرامیکی,6,6,6,6,6,6
اسلام آباد-دالاهو-سرپلذهاب,S94,مشبک فلزی,NN,آویزی,25,10,10,10,سرامیکی,سرامیکی,سرامیکی,سرامیکی,سرامیکی,سرامیکی,6,6,6,6,6,6
اسلام آباد-دالاهو-سرپلذهاب,T95,مشبک فلزی,NN,آویزی,25,10,10,10,سرامیکی,سرامیکی,سرامیکی,سرامیکی,سرامیکی,سرامیکی,6,6,6,6,6,6
اسلام آباد-دالاهو-سرپلذهاب,S96,مشبک فلزی,NN,آویزی,25,10,10,10,سرامیکی,سرامیکی,سرامیکی,سرامیکی,سرامیکی,سرامیکی,6,6,6,6,6,6
اسلام آباد-دالاهو-سرپلذهاب,T97,مشبک فلزی,NN,آویزی,25,10,10,10,سرامیکی,سرامیکی,سرامیکی,سرامیکی,سرامیکی,سرامیکی,6,6,6,6,6,6
اسلام آباد-دالاهو-سرپلذهاب,T98,مشبک فلزی,NN,آویزی,25,10,10,10,سرامیکی,سرامیکی,سرامیکی,سرامیکی,سرامیکی,سرامیکی,6,6,6,6,6,6
اسلام آباد-دالاهو-سرپلذهاب,S99,مشبک فلزی,NN,آویزی,25,10,10,10,سرامیکی,سرامیکی,سرامیکی,سرامیکی,سرامیکی,سرامیکی,6,6,6,6,6,6
اسلام آباد-دالاهو-سرپلذهاب,S100,مشبک فلزی,NN,آویزی,25,10,10,10,سرامیکی,سرامیکی,سرامیکی,سرامیکی,سرامیکی,سرامیکی,6,6,6,6,6,6
اسلام آباد-دالاهو-سرپلذهاب,S101,مشبک فلزی,NN,آویزی,25,10,10,10,سرامیکی,سرامیکی,سرامیکی,سرامیکی,سرامیکی,سرامیکی,6,6,6,6,6,6
اسلام آباد-دالاهو-سرپلذهاب,S102,مشبک فلزی,NN,آویزی,25,10,10,10,سرامیکی,سرامیکی,سرامیکی,سرامیکی,سرامیکی,سرامیکی,6,6,6,6,6,6
اسلام آباد-دالاهو-سرپلذهاب,S103,مشبک فلزی,NN,آویزی,25,10,10,10,سرامیکی,سرامیکی,سرامیکی,سرامیکی,سرامیکی,سرامیکی,6,6,6,6,6,6
اسلام آباد-دالاهو-سرپلذهاب,S104,مشبک فلزی,NN,آویزی,25,10,10,10,سرامیکی,سرامیکی,سرامیکی,سرامیکی,سرامیکی,سرامیکی,6,6,6,6,6,6
اسلام آباد-دالاهو-سرپلذهاب,S105,مشبک فلزی,NN,آویزی,25,10,10,10,سرامیکی,سرامیکی,سرامیکی,سرامیکی,سرامیکی,سرامیکی,6,6,6,6,6,6
اسلام آباد-دالاهو-سرپلذهاب,S106,مشبک فلزی,NN,آویزی,25,10,10,10,سرامیکی,سرامیکی,سرامیکی,سرامیکی,سرامیکی,سرامیکی,6,6,6,6,6,6
اسلام آباد-دالاهو-سرپلذهاب,T107,مشبک فلزی,NN,آویزی,25,10,10,10,سرامیکی,سرامیکی,سرامیکی,سرامیکی,سرامیکی,سرامیکی,6,6,6,6,6,6
اسلام آباد-دالاهو-سرپلذهاب,S108,مشبک فلزی,NN,آویزی,25,10,10,10,سرامیکی,سرامیکی,سرامیکی,سرامیکی,سرامیکی,سرامیکی,6,6,6,6,6,6
اسلام آباد-دالاهو-سرپلذهاب,T109,مشبک فلزی,NN,آویزی,25,10,10,10,سرامیکی,سرامیکی,سرامیکی,سرامیکی,سرامیکی,سرامیکی,6,6,6,6,6,6
اسلام آباد-دالاهو-سرپلذهاب,S110,مشبک فلزی,NN,آویزی,25,10,10,10,سرامیکی,سرامیکی,سرامیکی,سرامیکی,سرامیکی,سرامیکی,6,6,6,6,6,6
اسلام آباد-دالاهو-سرپلذهاب,S111,مشبک فلزی,NN,آویزی,25,10,10,10,سرامیکی,سرامیکی,سرامیکی,سرامیکی,سرامیکی,سرامیکی,6,6,6,6,6,6
اسلام آباد-دالاهو-سرپلذهاب,S112,مشبک فلزی,NN,آویزی,25,10,10,10,سرامیکی,سرامیکی,سرامیکی,سرامیکی,سرامیکی,سرامیکی,6,6,6,6,6,6
اسلام آباد-دالاهو-سرپلذهاب,S113,مشبک فلزی,NN,آویزی,25,10,10,10,سرامیکی,سرامیکی,سرامیکی,سرامیکی,سرامیکی,سرامیکی,6,6,6,6,6,6
اسلام آباد-دالاهو-سرپلذهاب,S114,مشبک فلزی,NN,آویزی,25,10,10,10,سرامیکی,سرامیکی,سرامیکی,سرامیکی,سرامیکی,سرامیکی,6,6,6,6,6,6
اسلام آباد-دالاهو-سرپلذهاب,S115,مشبک فلزی,NN,آویزی,25,10,10,10,سرامیکی,سرامیکی,سرامیکی,سرامیکی,سرامیکی,سرامیکی,6,6,6,6,6,6
اسلام آباد-دالاهو-سرپلذهاب,S116,مشبک فلزی,NN,آویزی,25,10,10,10,سرامیکی,سرامیکی,سرامیکی,سرامیکی,سرامیکی,سرامیکی,6,6,6,6,6,6
اسلام آباد-دالاهو-سرپلذهاب,S117,مشبک فلزی,NN,آویزی,25,10,10,10,سرامیکی,سرامیکی,سرامیکی,سرامیکی,سرامیکی,سرامیکی,6,6,6,6,6,6
اسلام آباد-دالاهو-سرپلذهاب,S118,مشبک فلزی,NN,آویزی,25,10,10,10,سرامیکی,سرامیکی,سرامیکی,سرامیکی,سرامیکی,سرامیکی,6,6,6,6,6,6
اسلام آباد-دالاهو-سرپلذهاب,S119,مشبک فلزی,NN,آویزی,25,10,10,10,سرامیکی,سرامیکی,سرامیکی,سرامیکی,سرامیکی,سرامیکی,6,6,6,6,6,6
اسلام آباد-دالاهو-سرپلذهاب,S120,مشبک فلزی,NN,آویزی,25,10,10,10,سرامیکی,سرامیکی,سرامیکی,سرامیکی,سرامیکی,سرامیکی,6,6,6,6,6,6
اسلام آباد-دالاهو-سرپلذهاب,S121,مشبک فلزی,NN,آویزی,25,10,10,10,سرامیکی,سرامیکی,سرامیکی,سرامیکی,سرامیکی,سرامیکی,6,6,6,6,6,6
اسلام آباد-دالاهو-سرپلذهاب,S122,مشبک فلزی,NN,آویزی,25,10,10,10,سرامیکی,سرامیکی,سرامیکی,سرامیکی,سرامیکی,سرامیکی,6,6,6,6,6,6
اسلام آباد-دالاهو-سرپلذهاب,S123,مشبک فلزی,NN,آویزی,25,10,10,10,سرامیکی,سرامیکی,سرامیکی,سرامیکی,سرامیکی,سرامیکی,6,6,6,6,6,6
اسلام آباد-دالاهو-سرپلذهاب,S124,مشبک فلزی,NN,آویزی,25,10,10,10,سرامیکی,سرامیکی,سرامیکی,سرامیکی,سرامیکی,سرامیکی,6,6,6,6,6,6
اسلام آباد-دالاهو-سرپلذهاب,S125,مشبک فلزی,NN,آویزی,25,10,10,10,سرامیکی,سرامیکی,سرامیکی,سرامیکی,سرامیکی,سرامیکی,6,6,6,6,6,6
اسلام آباد-دالاهو-سرپلذهاب,S126,مشبک فلزی,NN,آویزی,25,10,10,10,سرامیکی,سرامیکی,سرامیکی,سرامیکی,سرامیکی,سرامیکی,6,6,6,6,6,6
اسلام آباد-دالاهو-سرپلذهاب,S127,مشبک فلزی,NN,آویزی,25,10,10,10,سرامیکی,سرامیکی,سرامیکی,سرامیکی,سرامیکی,سرامیکی,6,6,6,6,6,6
اسلام آباد-دالاهو-سرپلذهاب,S128,مشبک فلزی,NN,آویزی,25,10,10,10,سرامیکی,سرامیکی,سرامیکی,سرامیکی,سرامیکی,سرامیکی,6,6,6,6,6,6
اسلام آباد-دالاهو-سرپلذهاب,S129,مشبک فلزی,NN,آویزی,25,10,10,10,سرامیکی,سرامیکی,سرامیکی,سرامیکی,سرامیکی,سرامیکی,6,6,6,6,6,6
اسلام آباد-دالاهو-سرپلذهاب,T130,مشبک فلزی,NN,آویزی,25,10,10,10,سرامیکی,سرامیکی,سرامیکی,سرامیکی,سرامیکی,سرامیکی,6,6,6,6,6,6
اسلام آباد-دالاهو-سرپلذهاب,S131,مشبک فلزی,NN,آویزی,25,10,10,10,سرامیکی,سرامیکی,سرامیکی,سرامیکی,سرامیکی,سرامیکی,6,6,6,6,6,6
اسلام آباد-دالاهو-سرپلذهاب,S132,مشبک فلزی,NN,آویزی,25,10,10,10,سرامیکی,سرامیکی,سرامیکی,سرامیکی,سرامیکی,سرامیکی,6,6,6,6,6,6
اسلام آباد-دالاهو-سرپلذهاب,S133,مشبک فلزی,NN,آویزی,25,10,10,10,سرامیکی,سرامیکی,سرامیکی,سرامیکی,سرامیکی,سرامیکی,6,6,6,6,6,6
اسلام آباد-دالاهو-سرپلذهاب,S134,مشبک فلزی,NN,آویزی,25,10,10,10,سرامیکی,سرامیکی,سرامیکی,سرامیکی,سرامیکی,سرامیکی,6,6,6,6,6,6
اسلام آباد-دالاهو-سرپلذهاب,S135,مشبک فلزی,NN,آویزی,25,10,10,10,سرامیکی,سرامیکی,سرامیکی,سرامیکی,سرامیکی,سرامیکی,6,6,6,6,6,6
اسلام آباد-دالاهو-سرپلذهاب,S136,مشبک فلزی,NN,آویزی,25,10,10,10,سرامیکی,سرامیکی,سرامیکی,سرامیکی,سرامیکی,سرامیکی,6,6,6,6,6,6
اسلام آباد-دالاهو-سرپلذهاب,S137,مشبک فلزی,NN,آویزی,25,10,10,10,سرامیکی,سرامیکی,سرامیکی,سرامیکی,سرامیکی,سرامیکی,6,6,6,6,6,6
اسلام آباد-دالاهو-سرپلذهاب,S138,مشبک فلزی,NN,آویزی,25,10,10,10,سرامیکی,سرامیکی,سرامیکی,سرامیکی,سرامیکی,سرامیکی,6,6,6,6,6,6
اسلام آباد-دالاهو-سرپلذهاب,S139,مشبک فلزی,NN,آویزی,25,10,10,10,سرامیکی,سرامیکی,سرامیکی,سرامیکی,سرامیکی,سرامیکی,6,6,6,6,6,6
اسلام آباد-دالاهو-سرپلذهاب,T140,مشبک فلزی,NN,آویزی,25,10,10,10,سرامیکی,سرامیکی,سرامیکی,سرامیکی,سرامیکی,سرامیکی,6,6,6,6,6,6
اسلام آباد-دالاهو-سرپلذهاب,S141,مشبک فلزی,NN,آویزی,25,10,10,10,سرامیکی,سرامیکی,سرامیکی,سرامیکی,سرامیکی,سرامیکی,6,6,6,6,6,6
اسلام آباد-دالاهو-سرپلذهاب,S142,مشبک فلزی,NN,آویزی,25,10,10,10,سرامیکی,سرامیکی,سرامیکی,سرامیکی,سرامیکی,سرامیکی,6,6,6,6,6,6
اسلام آباد-دالاهو-سرپلذهاب,S143,مشبک فلزی,NN,آویزی,25,10,10,10,سرامیکی,سرامیکی,سرامیکی,سرامیکی,سرامیکی,سرامیکی,6,6,6,6,6,6
اسلام آباد-دالاهو-سرپلذهاب,S144,مشبک فلزی,NN,آویزی,25,10,10,10,سرامیکی,سرامیکی,سرامیکی,سرامیکی,سرامیکی,سرامیکی,6,6,6,6,6,6
اسلام آباد-دالاهو-سرپلذهاب,S145,مشبک فلزی,NN,آویزی,25,10,10,10,سرامیکی,سرامیکی,سرامیکی,سرامیکی,سرامیکی,سرامیکی,6,6,6,6,6,6
اسلام آباد-دالاهو-سرپلذهاب,S146,مشبک فلزی,NN,آویزی,25,10,10,10,سرامیکی,سرامیکی,سرامیکی,سرامیکی,سرامیکی,سرامیکی,6,6,6,6,6,6
اسلام آباد-دالاهو-سرپلذهاب,S147,مشبک فلزی,NN,آویزی,25,10,10,10,سرامیکی,سرامیکی,سرامیکی,سرامیکی,سرامیکی,سرامیکی,6,6,6,6,6,6
اسلام آباد-دالاهو-سرپلذهاب,S148,مشبک فلزی,NN,آویزی,25,10,10,10,سرامیکی,سرامیکی,سرامیکی,سرامیکی,سرامیکی,سرامیکی,6,6,6,6,6,6
اسلام آباد-دالاهو-سرپلذهاب,S149,مشبک فلزی,NN,آویزی,25,10,10,10,سرامیکی,سرامیکی,سرامیکی,سرامیکی,سرامیکی,سرامیکی,6,6,6,6,6,6
اسلام آباد-دالاهو-سرپلذهاب,S150,مشبک فلزی,NN,آویزی,25,10,10,10,سرامیکی,سرامیکی,سرامیکی,سرامیکی,سرامیکی,سرامیکی,6,6,6,6,6,6
اسلام آباد-دالاهو-سرپلذهاب,S151,مشبک فلزی,NN,آویزی,25,10,10,10,سرامیکی,سرامیکی,سرامیکی,سرامیکی,سرامیکی,سرامیکی,6,6,6,6,6,6
اسلام آباد-دالاهو-سرپلذهاب,S152,مشبک فلزی,NN,آویزی,25,10,10,10,سرامیکی,سرامیکی,سرامیکی,سرامیکی,سرامیکی,سرامیکی,6,6,6,6,6,6
اسلام آباد-دالاهو-سرپلذهاب,S153,مشبک فلزی,NN,آویزی,25,10,10,10,سرامیکی,سرامیکی,سرامیکی,سرامیکی,سرامیکی,سرامیکی,6,6,6,6,6,6
اسلام آباد-دالاهو-سرپلذهاب,S154,مشبک فلزی,NN,آویزی,25,10,10,10,سرامیکی,سرامیکی,سرامیکی,سرامیکی,سرامیکی,سرامیکی,6,6,6,6,6,6
اسلام آباد-دالاهو-سرپلذهاب,S155,مشبک فلزی,NN,آویزی,25,10,10,10,سرامیکی,سرامیکی,سرامیکی,سرامیکی,سرامیکی,سرامیکی,6,6,6,6,6,6
اسلام آباد-دالاهو-سرپلذهاب,S156,مشبک فلزی,NN,آویزی,25,10,10,10,سرامیکی,سرامیکی,سرامیکی,سرامیکی,سرامیکی,سرامیکی,6,6,6,6,6,6
اسلام آباد-دالاهو-سرپلذهاب,S157,مشبک فلزی,NN,آویزی,25,10,10,10,سرامیکی,سرامیکی,سرامیکی,سرامیکی,سرامیکی,سرامیکی,6,6,6,6,6,6
اسلام آباد-دالاهو-سرپلذهاب,S158,مشبک فلزی,NN,آویزی,25,10,10,10,سرامیکی,سرامیکی,سرامیکی,سرامیکی,سرامیکی,سرامیکی,6,6,6,6,6,6
اسلام آباد-دالاهو-سرپلذهاب,T159,مشبک فلزی,NN,آویزی,25,10,10,10,سرامیکی,سرامیکی,سرامیکی,سرامیکی,سرامیکی,سرامیکی,6,6,6,6,6,6
اسلام آباد-دالاهو-سرپلذهاب,S160,مشبک فلزی,NN,آویزی,25,10,10,10,سرامیکی,سرامیکی,سرامیکی,سرامیکی,سرامیکی,سرامیکی,6,6,6,6,6,6
اسلام آباد-دالاهو-سرپلذهاب,S161,مشبک فلزی,NN,آویزی,25,10,10,10,سرامیکی,سرامیکی,سرامیکی,سرامیکی,سرامیکی,سرامیکی,6,6,6,6,6,6
اسلام آباد-دالاهو-سرپلذهاب,S162,مشبک فلزی,NN,آویزی,25,10,10,10,سرامیکی,سرامیکی,سرامیکی,سرامیکی,سرامیکی,سرامیکی,6,6,6,6,6,6
اسلام آباد-دالاهو-سرپلذهاب,S163,مشبک فلزی,NN,آویزی,25,10,10,10,سرامیکی,سرامیکی,سرامیکی,سرامیکی,سرامیکی,سرامیکی,6,6,6,6,6,6
اسلام آباد-دالاهو-سرپلذهاب,S164,مشبک فلزی,NN,آویزی,25,10,10,10,سرامیکی,سرامیکی,سرامیکی,سرامیکی,سرامیکی,سرامیکی,6,6,6,6,6,6
اسلام آباد-دالاهو-سرپلذهاب,S165,مشبک فلزی,NN,آویزی,25,10,10,10,سرامیکی,سرامیکی,سرامیکی,سرامیکی,سرامیکی,سرامیکی,6,6,6,6,6,6
اسلام آباد-دالاهو-سرپلذهاب,S166,مشبک فلزی,NN,آویزی,25,10,10,10,سرامیکی,سرامیکی,سرامیکی,سرامیکی,سرامیکی,سرامیکی,6,6,6,6,6,6
اسلام آباد-دالاهو-سرپلذهاب,S167,مشبک فلزی,NN,آویزی,25,10,10,10,سرامیکی,سرامیکی,سرامیکی,سرامیکی,سرامیکی,سرامیکی,6,6,6,6,6,6
اسلام آباد-دالاهو-سرپلذهاب,S168,مشبک فلزی,NN,آویزی,25,10,10,10,سرامیکی,سرامیکی,سرامیکی,سرامیکی,سرامیکی,سرامیکی,6,6,6,6,6,6
اسلام آباد-دالاهو-سرپلذهاب,S169,مشبک فلزی,NN,آویزی,25,10,10,10,سرامیکی,سرامیکی,سرامیکی,سرامیکی,سرامیکی,سرامیکی,6,6,6,6,6,6
اسلام آباد-دالاهو-سرپلذهاب,T170,مشبک فلزی,NN,آویزی,25,10,10,10,سرامیکی,سرامیکی,سرامیکی,سرامیکی,سرامیکی,سرامیکی,6,6,6,6,6,6
اسلام آباد-دالاهو-سرپلذهاب,S171,مشبک فلزی,NN,آویزی,25,10,10,10,سرامیکی,سرامیکی,سرامیکی,سرامیکی,سرامیکی,سرامیکی,6,6,6,6,6,6
اسلام آباد-دالاهو-سرپلذهاب,S172,مشبک فلزی,NN,آویزی,25,10,10,10,سرامیکی,سرامیکی,سرامیکی,سرامیکی,سرامیکی,سرامیکی,6,6,6,6,6,6
اسلام آباد-دالاهو-سرپلذهاب,S173,مشبک فلزی,NN,آویزی,25,10,10,10,سرامیکی,سرامیکی,سرامیکی,سرامیکی,سرامیکی,سرامیکی,6,6,6,6,6,6
اسلام آباد-دالاهو-سرپلذهاب,S174,مشبک فلزی,NN,آویزی,25,10,10,10,سرامیکی,سرامیکی,سرامیکی,سرامیکی,سرامیکی,سرامیکی,6,6,6,6,6,6
اسلام آباد-دالاهو-سرپلذهاب,S175,مشبک فلزی,NN,آویزی,25,10,10,10,سرامیکی,سرامیکی,سرامیکی,سرامیکی,سرامیکی,سرامیکی,6,6,6,6,6,6
اسلام آباد-دالاهو-سرپلذهاب,S176,مشبک فلزی,NN,آویزی,25,10,10,10,سرامیکی,سرامیکی,سرامیکی,سرامیکی,سرامیکی,سرامیکی,6,6,6,6,6,6
اسلام آباد-دالاهو-سرپلذهاب,S177,مشبک فلزی,NN,آویزی,25,10,10,10,سرامیکی,سرامیکی,سرامیکی,سرامیکی,سرامیکی,سرامیکی,6,6,6,6,6,6
اسلام آباد-دالاهو-سرپلذهاب,S178,مشبک فلزی,NN,آویزی,25,10,10,10,سرامیکی,سرامیکی,سرامیکی,سرامیکی,سرامیکی,سرامیکی,6,6,6,6,6,6
اسلام آباد-دالاهو-سرپلذهاب,S179,مشبک فلزی,NN,آویزی,25,10,10,10,سرامیکی,سرامیکی,سرامیکی,سرامیکی,سرامیکی,سرامیکی,6,6,6,6,6,6
اسلام آباد-دالاهو-سرپلذهاب,S180,مشبک فلزی,NN,آویزی,25,10,10,10,سرامیکی,سرامیکی,سرامیکی,سرامیکی,سرامیکی,سرامیکی,6,6,6,6,6,6
اسلام آباد-دالاهو-سرپلذهاب,S181,مشبک فلزی,NN,آویزی,25,10,10,10,سرامیکی,سرامیکی,سرامیکی,سرامیکی,سرامیکی,سرامیکی,6,6,6,6,6,6
اسلام آباد-دالاهو-سرپلذهاب,S182,مشبک فلزی,NN,آویزی,25,10,10,10,سرامیکی,سرامیکی,سرامیکی,سرامیکی,سرامیکی,سرامیکی,6,6,6,6,6,6
اسلام آباد-دالاهو-سرپلذهاب,S183,مشبک فلزی,NN,آویزی,25,10,10,10,سرامیکی,سرامیکی,سرامیکی,سرامیکی,سرامیکی,سرامیکی,6,6,6,6,6,6
اسلام آباد-دالاهو-سرپلذهاب,S184,مشبک فلزی,NN,آویزی,25,10,10,10,سرامیکی,سرامیکی,سرامیکی,سرامیکی,سرامیکی,سرامیکی,6,6,6,6,6,6
اسلام آباد-دالاهو-سرپلذهاب,S185,مشبک فلزی,NN,آویزی,25,10,10,10,سرامیکی,سرامیکی,سرامیکی,سرامیکی,سرامیکی,سرامیکی,6,6,6,6,6,6
اسلام آباد-دالاهو-سرپلذهاب,S186,مشبک فلزی,NN,آویزی,25,10,10,10,سرامیکی,سرامیکی,سرامیکی,سرامیکی,سرامیکی,سرامیکی,6,6,6,6,6,6
اسلام آباد-دالاهو-سرپلذهاب,S187,مشبک فلزی,NN,آویزی,25,10,10,10,سرامیکی,سرامیکی,سرامیکی,سرامیکی,سرامیکی,سرامیکی,6,6,6,6,6,6
اسلام آباد-دالاهو-سرپلذهاب,T188,مشبک فلزی,NN,آویزی,25,10,10,10,سرامیکی,سرامیکی,سرامیکی,سرامیکی,سرامیکی,سرامیکی,6,6,6,6,6,6
اسلام آباد-دالاهو-سرپلذهاب,S189,مشبک فلزی,NN,آویزی,25,10,10,10,سرامیکی,سرامیکی,سرامیکی,سرامیکی,سرامیکی,سرامیکی,6,6,6,6,6,6
اسلام آباد-دالاهو-سرپلذهاب,S190,مشبک فلزی,NN,آویزی,25,10,10,10,سرامیکی,سرامیکی,سرامیکی,سرامیکی,سرامیکی,سرامیکی,6,6,6,6,6,6
اسلام آباد-دالاهو-سرپلذهاب,S191,مشبک فلزی,NN,آویزی,25,10,10,10,سرامیکی,سرامیکی,سرامیکی,سرامیکی,سرامیکی,سرامیکی,6,6,6,6,6,6
اسلام آباد-دالاهو-سرپلذهاب,S192,مشبک فلزی,NN,آویزی,25,10,10,10,سرامیکی,سرامیکی,سرامیکی,سرامیکی,سرامیکی,سرامیکی,6,6,6,6,6,6
اسلام آباد-دالاهو-سرپلذهاب,S193,مشبک فلزی,NN,آویزی,25,10,10,10,سرامیکی,سرامیکی,سرامیکی,سرامیکی,سرامیکی,سرامیکی,6,6,6,6,6,6
اسلام آباد-دالاهو-سرپلذهاب,S194,مشبک فلزی,NN,آویزی,25,10,10,10,سرامیکی,سرامیکی,سرامیکی,سرامیکی,سرامیکی,سرامیکی,6,6,6,6,6,6
اسلام آباد-دالاهو-سرپلذهاب,T195,مشبک فلزی,NN,آویزی,25,10,10,10,سرامیکی,سرامیکی,سرامیکی,سرامیکی,سرامیکی,سرامیکی,6,6,6,6,6,6
اسلام آباد-دالاهو-سرپلذهاب,S196,مشبک فلزی,NN,آویزی,25,10,10,10,سرامیکی,سرامیکی,سرامیکی,سرامیکی,سرامیکی,سرامیکی,6,6,6,6,6,6
اسلام آباد-دالاهو-سرپلذهاب,S197,مشبک فلزی,NN,آویزی,25,10,10,10,سرامیکی,سرامیکی,سرامیکی,سرامیکی,سرامیکی,سرامیکی,6,6,6,6,6,6
اسلام آباد-دالاهو-سرپلذهاب,S198,مشبک فلزی,NN,آویزی,25,10,10,10,سرامیکی,سرامیکی,سرامیکی,سرامیکی,سرامیکی,سرامیکی,6,6,6,6,6,6
اسلام آباد-دالاهو-سرپلذهاب,S199,مشبک فلزی,NN,آویزی,25,10,10,10,سرامیکی,سرامیکی,سرامیکی,سرامیکی,سرامیکی,سرامیکی,6,6,6,6,6,6
اسلام آباد-دالاهو-سرپلذهاب,S200,مشبک فلزی,NN,آویزی,25,10,10,10,سرامیکی,سرامیکی,سرامیکی,سرامیکی,سرامیکی,سرامیکی,6,6,6,6,6,6
اسلام آباد-دالاهو-سرپلذهاب,S201,مشبک فلزی,NN,آویزی,25,10,10,10,سرامیکی,سرامیکی,سرامیکی,سرامیکی,سرامیکی,سرامیکی,6,6,6,6,6,6
اسلام آباد-دالاهو-سرپلذهاب,T202,مشبک فلزی,NN,آویزی,25,10,10,10,سرامیکی,سرامیکی,سرامیکی,سرامیکی,سرامیکی,سرامیکی,6,6,6,6,6,6
اسلام آباد-دالاهو-سرپلذهاب,S203,مشبک فلزی,NN,آویزی,25,10,10,10,سرامیکی,سرامیکی,سرامیکی,سرامیکی,سرامیکی,سرامیکی,6,6,6,6,6,6
اسلام آباد-دالاهو-سرپلذهاب,T204,مشبک فلزی,NN,آویزی,25,10,10,10,سرامیکی,سرامیکی,سرامیکی,سرامیکی,سرامیکی,سرامیکی,6,6,6,6,6,6
اسلام آباد-دالاهو-سرپلذهاب,S205,مشبک فلزی,NN,آویزی,25,10,10,10,سرامیکی,سرامیکی,سرامیکی,سرامیکی,سرامیکی,سرامیکی,6,6,6,6,6,6
اسلام آباد-دالاهو-سرپلذهاب,T206,مشبک فلزی,NN,آویزی,25,10,10,10,سرامیکی,سرامیکی,سرامیکی,سرامیکی,سرامیکی,سرامیکی,6,6,6,6,6,6
اسلام آباد-دالاهو-سرپلذهاب,S207,مشبک فلزی,NN,آویزی,25,10,10,10,سرامیکی,سرامیکی,سرامیکی,سرامیکی,سرامیکی,سرامیکی,6,6,6,6,6,6
اسلام آباد-دالاهو-سرپلذهاب,S208,مشبک فلزی,NN,آویزی,25,10,10,10,سرامیکی,سرامیکی,سرامیکی,سرامیکی,سرامیکی,سرامیکی,6,6,6,6,6,6
اسلام آباد-دالاهو-سرپلذهاب,T209,مشبک فلزی,NN,آویزی,25,10,10,10,سرامیکی,سرامیکی,سرامیکی,سرامیکی,سرامیکی,سرامیکی,6,6,6,6,6,6
اسلام آباد-دالاهو-سرپلذهاب,S210,مشبک فلزی,NN,آویزی,25,10,10,10,سرامیکی,سرامیکی,سرامیکی,سرامیکی,سرامیکی,سرامیکی,6,6,6,6,6,6
اسلام آباد-دالاهو-سرپلذهاب,S211,مشبک فلزی,NN,آویزی,25,10,10,10,سرامیکی,سرامیکی,سرامیکی,سرامیکی,سرامیکی,سرامیکی,6,6,6,6,6,6
اسلام آباد-دالاهو-سرپلذهاب,T212,مشبک فلزی,NN,آویزی,25,10,10,10,سرامیکی,سرامیکی,سرامیکی,سرامیکی,سرامیکی,سرامیکی,6,6,6,6,6,6
اسلام آباد-دالاهو-سرپلذهاب,T213,مشبک فلزی,NN,آویزی,25,10,10,10,سرامیکی,سرامیکی,سرامیکی,سرامیکی,سرامیکی,سرامیکی,6,6,6,6,6,6
اسلام آباد-دالاهو-سرپلذهاب,S214,مشبک فلزی,NN,آویزی,25,10,10,10,سرامیکی,سرامیکی,سرامیکی,سرامیکی,سرامیکی,سرامیکی,6,6,6,6,6,6
اسلام آباد-دالاهو-سرپلذهاب,S215,مشبک فلزی,NN,آویزی,25,10,10,10,سرامیکی,سرامیکی,سرامیکی,سرامیکی,سرامیکی,سرامیکی,6,6,6,6,6,6
اسلام آباد-دالاهو-سرپلذهاب,T216,مشبک فلزی,NN,آویزی,25,10,10,10,سرامیکی,سرامیکی,سرامیکی,سرامیکی,سرامیکی,سرامیکی,6,6,6,6,6,6
اسلام آباد-دالاهو-سرپلذهاب,S217,مشبک فلزی,NN,آویزی,25,10,10,10,سرامیکی,سرامیکی,سرامیکی,سرامیکی,سرامیکی,سرامیکی,6,6,6,6,6,6
اسلام آباد-دالاهو-سرپلذهاب,S218,مشبک فلزی,NN,آویزی,25,10,10,10,سرامیکی,سرامیکی,سرامیکی,سرامیکی,سرامیکی,سرامیکی,6,6,6,6,6,6
اسلام آباد-دالاهو-سرپلذهاب,S219,مشبک فلزی,NN,آویزی,25,10,10,10,سرامیکی,سرامیکی,سرامیکی,سرامیکی,سرامیکی,سرامیکی,6,6,6,6,6,6
اسلام آباد-دالاهو-سرپلذهاب,T220,مشبک فلزی,NN,آویزی,25,10,10,10,سرامیکی,سرامیکی,سرامیکی,سرامیکی,سرامیکی,سرامیکی,6,6,6,6,6,6
اسلام آباد-دالاهو-سرپلذهاب,S221,مشبک فلزی,NN,آویزی,25,10,10,10,سرامیکی,سرامیکی,سرامیکی,سرامیکی,سرامیکی,سرامیکی,6,6,6,6,6,6
اسلام آباد-دالاهو-سرپلذهاب,S222,مشبک فلزی,NN,آویزی,25,10,10,10,سرامیکی,سرامیکی,سرامیکی,سرامیکی,سرامیکی,سرامیکی,6,6,6,6,6,6
اسلام آباد-دالاهو-سرپلذهاب,S223,مشبک فلزی,NN,آویزی,25,10,10,10,سرامیکی,سرامیکی,سرامیکی,سرامیکی,سرامیکی,سرامیکی,6,6,6,6,6,6
اسلام آباد-دالاهو-سرپلذهاب,S224,مشبک فلزی,NN,آویزی,25,10,10,10,سرامیکی,سرامیکی,سرامیکی,سرامیکی,سرامیکی,سرامیکی,6,6,6,6,6,6
اسلام آباد-دالاهو-سرپلذهاب,T225,مشبک فلزی,NN,آویزی,25,10,10,10,سرامیکی,سرامیکی,سرامیکی,سرامیکی,سرامیکی,سرامیکی,6,6,6,6,6,6
اسلام آباد-دالاهو-سرپلذهاب,S226,مشبک فلزی,NN,آویزی,25,10,10,10,سرامیکی,سرامیکی,سرامیکی,سرامیکی,سرامیکی,سرامیکی,6,6,6,6,6,6
اسلام آباد-دالاهو-سرپلذهاب,T227,مشبک فلزی,NN,آویزی,25,10,10,10,سرامیکی,سرامیکی,سرامیکی,سرامیکی,سرامیکی,سرامیکی,6,6,6,6,6,6
اسلام آباد-دالاهو-سرپلذهاب,S228,مشبک فلزی,NN,آویزی,25,10,10,10,سرامیکی,سرامیکی,سرامیکی,سرامیکی,سرامیکی,سرامیکی,6,6,6,6,6,6
اسلام آباد-دالاهو-سرپلذهاب,T229,مشبک فلزی,NN,آویزی,25,10,10,10,سرامیکی,سرامیکی,سرامیکی,سرامیکی,سرامیکی,سرامیکی,6,6,6,6,6,6
اسلام آباد-دالاهو-سرپلذهاب,T230,مشبک فلزی,NN,آویزی,25,10,10,10,سرامیکی,سرامیکی,سرامیکی,سرامیکی,سرامیکی,سرامیکی,6,6,6,6,6,6
اسلام آباد-دالاهو-سرپلذهاب,S231,مشبک فلزی,NN,آویزی,25,10,10,10,سرامیکی,سرامیکی,سرامیکی,سرامیکی,سرامیکی,سرامیکی,6,6,6,6,6,6
اسلام آباد-دالاهو-سرپلذهاب,S232,مشبک فلزی,NN,آویزی,25,10,10,10,سرامیکی,سرامیکی,سرامیکی,سرامیکی,سرامیکی,سرامیکی,6,6,6,6,6,6
اسلام آباد-دالاهو-سرپلذهاب,S233,مشبک فلزی,NN,آویزی,25,10,10,10,سرامیکی,سرامیکی,سرامیکی,سرامیکی,سرامیکی,سرامیکی,6,6,6,6,6,6
اسلام آباد-دالاهو-سرپلذهاب,S234,مشبک فلزی,NN,آویزی,25,10,10,10,سرامیکی,سرامیکی,سرامیکی,سرامیکی,سرامیکی,سرامیکی,6,6,6,6,6,6
اسلام آباد-دالاهو-سرپلذهاب,S235,مشبک فلزی,NN,آویزی,25,10,10,10,سرامیکی,سرامیکی,سرامیکی,سرامیکی,سرامیکی,سرامیکی,6,6,6,6,6,6
اسلام آباد-دالاهو-سرپلذهاب,S236,مشبک فلزی,NN,آویزی,25,10,10,10,سرامیکی,سرامیکی,سرامیکی,سرامیکی,سرامیکی,سرامیکی,6,6,6,6,6,6
اسلام آباد-دالاهو-سرپلذهاب,T237,مشبک فلزی,NN,آویزی,25,10,10,10,سرامیکی,سرامیکی,سرامیکی,سرامیکی,سرامیکی,سرامیکی,6,6,6,6,6,6
اسلام آباد-دالاهو-سرپلذهاب,S238,مشبک فلزی,NN,آویزی,25,10,10,10,سرامیکی,سرامیکی,سرامیکی,سرامیکی,سرامیکی,سرامیکی,6,6,6,6,6,6
اسلام آباد-دالاهو-سرپلذهاب,S239,مشبک فلزی,NN,آویزی,25,10,10,10,سرامیکی,سرامیکی,سرامیکی,سرامیکی,سرامیکی,سرامیکی,6,6,6,6,6,6
اسلام آباد-دالاهو-سرپلذهاب,S240,مشبک فلزی,NN,آویزی,25,10,10,10,سرامیکی,سرامیکی,سرامیکی,سرامیکی,سرامیکی,سرامیکی,6,6,6,6,6,6
اسلام آباد-دالاهو-سرپلذهاب,T241,مشبک فلزی,NN,آویزی,25,10,10,10,سرامیکی,سرامیکی,سرامیکی,سرامیکی,سرامیکی,سرامیکی,6,6,6,6,6,6
اسلام آباد-دالاهو-سرپلذهاب,S242,مشبک فلزی,NN,آویزی,25,10,10,10,سرامیکی,سرامیکی,سرامیکی,سرامیکی,سرامیکی,سرامیکی,6,6,6,6,6,6
اسلام آباد-دالاهو-سرپلذهاب,S243,مشبک فلزی,NN,آویزی,25,10,10,10,سرامیکی,سرامیکی,سرامیکی,سرامیکی,سرامیکی,سرامیکی,6,6,6,6,6,6
اسلام آباد-دالاهو-سرپلذهاب,S244,مشبک فلزی,NN,آویزی,25,10,10,10,سرامیکی,سرامیکی,سرامیکی,سرامیکی,سرامیکی,سرامیکی,6,6,6,6,6,6
اسلام آباد-دالاهو-سرپلذهاب,T245,مشبک فلزی,NN,آویزی,25,10,10,10,سرامیکی,سرامیکی,سرامیکی,سرامیکی,سرامیکی,سرامیکی,6,6,6,6,6,6
اسلام آباد-دالاهو-سرپلذهاب,S246,مشبک فلزی,NN,آویزی,25,10,10,10,سرامیکی,سرامیکی,سرامیکی,سرامیکی,سرامیکی,سرامیکی,6,6,6,6,6,6
اسلام آباد-دالاهو-سرپلذهاب,S247,مشبک فلزی,NN,آویزی,25,10,10,10,سرامیکی,سرامیکی,سرامیکی,سرامیکی,سرامیکی,سرامیکی,6,6,6,6,6,6
اسلام آباد-دالاهو-سرپلذهاب,T248,مشبک فلزی,NN,آویزی,25,10,10,10,سرامیکی,سرامیکی,سرامیکی,سرامیکی,سرامیکی,سرامیکی,6,6,6,6,6,6
اسلام آباد-دالاهو-سرپلذهاب,S249,مشبک فلزی,NN,آویزی,25,10,10,10,سرامیکی,سرامیکی,سرامیکی,سرامیکی,سرامیکی,سرامیکی,6,6,6,6,6,6
اسلام آباد-دالاهو-سرپلذهاب,S250,مشبک فلزی,NN,آویزی,25,10,10,10,سرامیکی,سرامیکی,سرامیکی,سرامیکی,سرامیکی,سرامیکی,6,6,6,6,6,6
اسلام آباد-دالاهو-سرپلذهاب,T251,مشبک فلزی,NN,آویزی,25,10,10,10,سرامیکی,سرامیکی,سرامیکی,سرامیکی,سرامیکی,سرامیکی,6,6,6,6,6,6
اسلام آباد-دالاهو-سرپلذهاب,T252,مشبک فلزی,NN,آویزی,25,10,10,10,سرامیکی,سرامیکی,سرامیکی,سرامیکی,سرامیکی,سرامیکی,6,6,6,6,6,6
اسلام آباد-دالاهو-سرپلذهاب,S253,مشبک فلزی,NN,آویزی,25,10,10,10,سرامیکی,سرامیکی,سرامیکی,سرامیکی,سرامیکی,سرامیکی,6,6,6,6,6,6
اسلام آباد-دالاهو-سرپلذهاب,T254,مشبک فلزی,NN,آویزی,25,10,10,10,سرامیکی,سرامیکی,سرامیکی,سرامیکی,سرامیکی,سرامیکی,6,6,6,6,6,6
اسلام آباد-دالاهو-سرپلذهاب,S255,مشبک فلزی,NN,آویزی,25,10,10,10,سرامیکی,سرامیکی,سرامیکی,سرامیکی,سرامیکی,سرامیکی,6,6,6,6,6,6
اسلام آباد-دالاهو-سرپلذهاب,S256,مشبک فلزی,NN,آویزی,25,10,10,10,سرامیکی,سرامیکی,سرامیکی,سرامیکی,سرامیکی,سرامیکی,6,6,6,6,6,6
اسلام آباد-دالاهو-سرپلذهاب,S257,مشبک فلزی,NN,آویزی,25,10,10,10,سرامیکی,سرامیکی,سرامیکی,سرامیکی,سرامیکی,سرامیکی,6,6,6,6,6,6
اسلام آباد-دالاهو-سرپلذهاب,S258,مشبک فلزی,NN,آویزی,25,10,10,10,سرامیکی,سرامیکی,سرامیکی,سرامیکی,سرامیکی,سرامیکی,6,6,6,6,6,6
اسلام آباد-دالاهو-سرپلذهاب,S259,مشبک فلزی,NN,آویزی,25,10,10,10,سرامیکی,سرامیکی,سرامیکی,سرامیکی,سرامیکی,سرامیکی,6,6,6,6,6,6
اسلام آباد-دالاهو-سرپلذهاب,T260,مشبک فلزی,NN,آویزی,25,10,10,10,سرامیکی,سرامیکی,سرامیکی,سرامیکی,سرامیکی,سرامیکی,6,6,6,6,6,6
اسلام آباد-دالاهو-سرپلذهاب,S261,مشبک فلزی,NN,آویزی,25,10,10,10,سرامیکی,سرامیکی,سرامیکی,سرامیکی,سرامیکی,سرامیکی,6,6,6,6,6,6
اسلام آباد-دالاهو-سرپلذهاب,S262,مشبک فلزی,NN,آویزی,25,10,10,10,سرامیکی,سرامیکی,سرامیکی,سرامیکی,سرامیکی,سرامیکی,6,6,6,6,6,6
اسلام آباد-دالاهو-سرپلذهاب,S263,مشبک فلزی,NN,آویزی,25,10,10,10,سرامیکی,سرامیکی,سرامیکی,سرامیکی,سرامیکی,سرامیکی,6,6,6,6,6,6
اسلام آباد-دالاهو-سرپلذهاب,S264,مشبک فلزی,NN,آویزی,25,10,10,10,سرامیکی,سرامیکی,سرامیکی,سرامیکی,سرامیکی,سرامیکی,6,6,6,6,6,6
اسلام آباد-دالاهو-سرپلذهاب,S265,مشبک فلزی,NN,آویزی,25,10,10,10,سرامیکی,سرامیکی,سرامیکی,سرامیکی,سرامیکی,سرامیکی,6,6,6,6,6,6
اسلام آباد-دالاهو-سرپلذهاب,S266,مشبک فلزی,NN,آویزی,25,10,10,10,سرامیکی,سرامیکی,سرامیکی,سرامیکی,سرامیکی,سرامیکی,6,6,6,6,6,6
اسلام آباد-دالاهو-سرپلذهاب,T267,مشبک فلزی,NN,آویزی,25,10,10,10,سرامیکی,سرامیکی,سرامیکی,سرامیکی,سرامیکی,سرامیکی,6,6,6,6,6,6
اسلام آباد-دالاهو-سرپلذهاب,S268,مشبک فلزی,NN,آویزی,25,10,10,10,سرامیکی,سرامیکی,سرامیکی,سرامیکی,سرامیکی,سرامیکی,6,6,6,6,6,6
اسلام آباد-دالاهو-سرپلذهاب,S269,مشبک فلزی,NN,آویزی,25,10,10,10,سرامیکی,سرامیکی,سرامیکی,سرامیکی,سرامیکی,سرامیکی,6,6,6,6,6,6
اسلام آباد-دالاهو-سرپلذهاب,S270,مشبک فلزی,NN,آویزی,25,10,10,10,سرامیکی,سرامیکی,سرامیکی,سرامیکی,سرامیکی,سرامیکی,6,6,6,6,6,6
اسلام آباد-دالاهو-سرپلذهاب,S271,مشبک فلزی,NN,آویزی,25,10,10,10,سرامیکی,سرامیکی,سرامیکی,سرامیکی,سرامیکی,سرامیکی,6,6,6,6,6,6
اسلام آباد-دالاهو-سرپلذهاب,S272,مشبک فلزی,NN,آویزی,25,10,10,10,سرامیکی,سرامیکی,سرامیکی,سرامیکی,سرامیکی,سرامیکی,6,6,6,6,6,6
اسلام آباد-دالاهو-سرپلذهاب,S273,مشبک فلزی,NN,آویزی,25,10,10,10,سرامیکی,سرامیکی,سرامیکی,سرامیکی,سرامیکی,سرامیکی,6,6,6,6,6,6
اسلام آباد-دالاهو-سرپلذهاب,S274,مشبک فلزی,NN,آویزی,25,10,10,10,سرامیکی,سرامیکی,سرامیکی,سرامیکی,سرامیکی,سرامیکی,6,6,6,6,6,6
اسلام آباد-دالاهو-سرپلذهاب,S275,مشبک فلزی,NN,آویزی,25,10,10,10,سرامیکی,سرامیکی,سرامیکی,سرامیکی,سرامیکی,سرامیکی,6,6,6,6,6,6
اسلام آباد-دالاهو-سرپلذهاب,S276,مشبک فلزی,NN,آویزی,25,10,10,10,سرامیکی,سرامیکی,سرامیکی,سرامیکی,سرامیکی,سرامیکی,6,6,6,6,6,6
اسلام آباد-دالاهو-سرپلذهاب,S277,مشبک فلزی,NN,آویزی,25,10,10,10,سرامیکی,سرامیکی,سرامیکی,سرامیکی,سرامیکی,سرامیکی,6,6,6,6,6,6
اسلام آباد-دالاهو-سرپلذهاب,T278,مشبک فلزی,NN,آویزی,25,10,10,10,سرامیکی,سرامیکی,سرامیکی,سرامیکی,سرامیکی,سرامیکی,6,6,6,6,6,6
اسلام آباد-دالاهو-سرپلذهاب,S279,مشبک فلزی,NN,آویزی,25,10,10,10,سرامیکی,سرامیکی,سرامیکی,سرامیکی,سرامیکی,سرامیکی,6,6,6,6,6,6
اسلام آباد-دالاهو-سرپلذهاب,S280,مشبک فلزی,NN,آویزی,25,10,10,10,سرامیکی,سرامیکی,سرامیکی,سرامیکی,سرامیکی,سرامیکی,6,6,6,6,6,6
اسلام آباد-دالاهو-سرپلذهاب,S281,مشبک فلزی,NN,آویزی,25,10,10,10,سرامیکی,سرامیکی,سرامیکی,سرامیکی,سرامیکی,سرامیکی,6,6,6,6,6,6
اسلام آباد-دالاهو-سرپلذهاب,S282,مشبک فلزی,NN,آویزی,25,10,10,10,سرامیکی,سرامیکی,سرامیکی,سرامیکی,سرامیکی,سرامیکی,6,6,6,6,6,6
اسلام آباد-دالاهو-سرپلذهاب,S283,مشبک فلزی,NN,آویزی,25,10,10,10,سرامیکی,سرامیکی,سرامیکی,سرامیکی,سرامیکی,سرامیکی,6,6,6,6,6,6
اسلام آباد-دالاهو-سرپلذهاب,S284,مشبک فلزی,NN,آویزی,25,10,10,10,سرامیکی,سرامیکی,سرامیکی,سرامیکی,سرامیکی,سرامیکی,6,6,6,6,6,6
اسلام آباد-دالاهو-سرپلذهاب,T285,مشبک فلزی,NN,آویزی,25,10,10,10,سرامیکی,سرامیکی,سرامیکی,سرامیکی,سرامیکی,سرامیکی,6,6,6,6,6,6
اسلام آباد-دالاهو-سرپلذهاب,S286,مشبک فلزی,NN,آویزی,25,10,10,10,سرامیکی,سرامیکی,سرامیکی,سرامیکی,سرامیکی,سرامیکی,6,6,6,6,6,6
اسلام آباد-دالاهو-سرپلذهاب,S287,مشبک فلزی,NN,آویزی,25,10,10,10,سرامیکی,سرامیکی,سرامیکی,سرامیکی,سرامیکی,سرامیکی,6,6,6,6,6,6
اسلام آباد-دالاهو-سرپلذهاب,S288,مشبک فلزی,NN,آویزی,25,10,10,10,سرامیکی,سرامیکی,سرامیکی,سرامیکی,سرامیکی,سرامیکی,6,6,6,6,6,6
اسلام آباد-دالاهو-سرپلذهاب,S289,مشبک فلزی,NN,آویزی,25,10,10,10,سرامیکی,سرامیکی,سرامیکی,سرامیکی,سرامیکی,سرامیکی,6,6,6,6,6,6
اسلام آباد-دالاهو-سرپلذهاب,S290,مشبک فلزی,NN,آویزی,25,10,10,10,سرامیکی,سرامیکی,سرامیکی,سرامیکی,سرامیکی,سرامیکی,6,6,6,6,6,6
اسلام آباد-دالاهو-سرپلذهاب,S291,مشبک فلزی,NN,آویزی,25,10,10,10,سرامیکی,سرامیکی,سرامیکی,سرامیکی,سرامیکی,سرامیکی,6,6,6,6,6,6
اسلام آباد-دالاهو-سرپلذهاب,S292,مشبک فلزی,NN,آویزی,25,10,10,10,سرامیکی,سرامیکی,سرامیکی,سرامیکی,سرامیکی,سرامیکی,6,6,6,6,6,6
اسلام آباد-دالاهو-سرپلذهاب,T293,مشبک فلزی,NN,آویزی,25,10,10,10,سرامیکی,سرامیکی,سرامیکی,سرامیکی,سرامیکی,سرامیکی,6,6,6,6,6,6
اسلام آباد-دالاهو-سرپلذهاب,S294,مشبک فلزی,NN,آویزی,25,10,10,10,سرامیکی,سرامیکی,سرامیکی,سرامیکی,سرامیکی,سرامیکی,6,6,6,6,6,6
اسلام آباد-دالاهو-سرپلذهاب,S295,مشبک فلزی,NN,آویزی,25,10,10,10,سرامیکی,سرامیکی,سرامیکی,سرامیکی,سرامیکی,سرامیکی,6,6,6,6,6,6
اسلام آباد-دالاهو-سرپلذهاب,S296,مشبک فلزی,NN,آویزی,25,10,10,10,سرامیکی,سرامیکی,سرامیکی,سرامیکی,سرامیکی,سرامیکی,6,6,6,6,6,6
اسلام آباد-دالاهو-سرپلذهاب,T297,مشبک فلزی,NN,آویزی,25,10,10,10,سرامیکی,سرامیکی,سرامیکی,سرامیکی,سرامیکی,سرامیکی,6,6,6,6,6,6
اسلام آباد-دالاهو-سرپلذهاب,S298,مشبک فلزی,NN,آویزی,25,10,10,10,سرامیکی,سرامیکی,سرامیکی,سرامیکی,سرامیکی,سرامیکی,6,6,6,6,6,6
اسلام آباد-دالاهو-سرپلذهاب,S299,مشبک فلزی,NN,آویزی,25,10,10,10,سرامیکی,سرامیکی,سرامیکی,سرامیکی,سرامیکی,سرامیکی,6,6,6,6,6,6
اسلام آباد-دالاهو-سرپلذهاب,S300,مشبک فلزی,NN,آویزی,25,10,10,10,سرامیکی,سرامیکی,سرامیکی,سرامیکی,سرامیکی,سرامیکی,6,6,6,6,6,6
اسلام آباد-دالاهو-سرپلذهاب,S301,مشبک فلزی,NN,آویزی,25,10,10,10,سرامیکی,سرامیکی,سرامیکی,سرامیکی,سرامیکی,سرامیکی,6,6,6,6,6,6
اسلام آباد-دالاهو-سرپلذهاب,S302,مشبک فلزی,NN,آویزی,25,10,10,10,سرامیکی,سرامیکی,سرامیکی,سرامیکی,سرامیکی,سرامیکی,6,6,6,6,6,6
اسلام آباد-دالاهو-سرپلذهاب,T303,مشبک فلزی,NN,آویزی,25,10,10,10,سرامیکی,سرامیکی,سرامیکی,سرامیکی,سرامیکی,سرامیکی,6,6,6,6,6,6
اسلام آباد-دالاهو-سرپلذهاب,T304,مشبک فلزی,NN,آویزی,25,10,10,10,سرامیکی,سرامیکی,سرامیکی,سرامیکی,سرامیکی,سرامیکی,6,6,6,6,6,6
اسلام آباد-دالاهو-سرپلذهاب,T305,مشبک فلزی,NN,آویزی,25,10,10,10,سرامیکی,سرامیکی,سرامیکی,سرامیکی,سرامیکی,سرامیکی,6,6,6,6,6,6
اسلام آباد-دالاهو-سرپلذهاب,S306,مشبک فلزی,NN,آویزی,25,10,10,10,سرامیکی,سرامیکی,سرامیکی,سرامیکی,سرامیکی,سرامیکی,6,6,6,6,6,6
اسلام آباد-دالاهو-سرپلذهاب,S307,مشبک فلزی,NN,آویزی,25,10,10,10,سرامیکی,سرامیکی,سرامیکی,سرامیکی,سرامیکی,سرامیکی,6,6,6,6,6,6
اسلام آباد-دالاهو-سرپلذهاب,S308,مشبک فلزی,NN,آویزی,25,10,10,10,سرامیکی,سرامیکی,سرامیکی,سرامیکی,سرامیکی,سرامیکی,6,6,6,6,6,6
اسلام آباد-دالاهو-سرپلذهاب,S309,مشبک فلزی,NN,آویزی,25,10,10,10,سرامیکی,سرامیکی,سرامیکی,سرامیکی,سرامیکی,سرامیکی,6,6,6,6,6,6
اسلام آباد-دالاهو-سرپلذهاب,S310,مشبک فلزی,NN,آویزی,25,10,10,10,سرامیکی,سرامیکی,سرامیکی,سرامیکی,سرامیکی,سرامیکی,6,6,6,6,6,6
اسلام آباد-دالاهو-سرپلذهاب,S311,مشبک فلزی,NN,آویزی,25,10,10,10,سرامیکی,سرامیکی,سرامیکی,سرامیکی,سرامیکی,سرامیکی,6,6,6,6,6,6
اسلام آباد-دالاهو-سرپلذهاب,S312,مشبک فلزی,NN,آویزی,25,10,10,10,سرامیکی,سرامیکی,سرامیکی,سرامیکی,سرامیکی,سرامیکی,6,6,6,6,6,6
اسلام آباد-دالاهو-سرپلذهاب,S313,مشبک فلزی,NN,آویزی,25,10,10,10,سرامیکی,سرامیکی,سرامیکی,سرامیکی,سرامیکی,سرامیکی,6,6,6,6,6,6
اسلام آباد-دالاهو-سرپلذهاب,S314,مشبک فلزی,NN,آویزی,25,10,10,10,سرامیکی,سرامیکی,سرامیکی,سرامیکی,سرامیکی,سرامیکی,6,6,6,6,6,6
اسلام آباد-دالاهو-سرپلذهاب,S315,مشبک فلزی,NN,آویزی,25,10,10,10,سرامیکی,سرامیکی,سرامیکی,سرامیکی,سرامیکی,سرامیکی,6,6,6,6,6,6
اسلام آباد-دالاهو-سرپلذهاب,S316,مشبک فلزی,NN,آویزی,25,10,10,10,سرامیکی,سرامیکی,سرامیکی,سرامیکی,سرامیکی,سرامیکی,6,6,6,6,6,6
اسلام آباد-دالاهو-سرپلذهاب,T317,مشبک فلزی,NN,آویزی,25,10,10,10,سرامیکی,سرامیکی,سرامیکی,سرامیکی,سرامیکی,سرامیکی,6,6,6,6,6,6
اسلام آباد-دالاهو-سرپلذهاب,T318,مشبک فلزی,NN,آویزی,25,10,10,10,سرامیکی,سرامیکی,سرامیکی,سرامیکی,سرامیکی,سرامیکی,6,6,6,6,6,6
اسلام آباد-دالاهو-سرپلذهاب,S319,مشبک فلزی,NN,آویزی,25,10,10,10,سرامیکی,سرامیکی,سرامیکی,سرامیکی,سرامیکی,سرامیکی,6,6,6,6,6,6
اسلام آباد-دالاهو-سرپلذهاب,S320,مشبک فلزی,NN,آویزی,25,10,10,10,سرامیکی,سرامیکی,سرامیکی,سرامیکی,سرامیکی,سرامیکی,6,6,6,6,6,6
اسلام آباد-دالاهو-سرپلذهاب,S321,مشبک فلزی,NN,آویزی,25,10,10,10,سرامیکی,سرامیکی,سرامیکی,سرامیکی,سرامیکی,سرامیکی,6,6,6,6,6,6
اسلام آباد-دالاهو-سرپلذهاب,T322,مشبک فلزی,NN,آویزی,25,10,10,10,سرامیکی,سرامیکی,سرامیکی,سرامیکی,سرامیکی,سرامیکی,6,6,6,6,6,6
اسلام آباد-دالاهو-سرپلذهاب,Te323,مشبک فلزی,NN,آویزی,25,10,10,10,سرامیکی,سرامیکی,سرامیکی,سرامیکی,سرامیکی,سرامیکی,6,6,6,6,6,6
مرصاد-دیاله,0,مشبک فلزی,LT,آویزی,25,10,10,10,سرامیکی,سرامیکی,سرامیکی,سرامیکی,سرامیکی,سرامیکی,6,6,6,6,6,6
مرصاد-دیاله,1,مشبک فلزی,LT,آویزی,25,10,10,10,سرامیکی,سرامیکی,سرامیکی,سرامیکی,سرامیکی,سرامیکی,6,6,6,6,6,6
مرصاد-دیاله,2,مشبک فلزی,LT,آویزی,25,10,10,10,سرامیکی,سرامیکی,سرامیکی,سرامیکی,سرامیکی,سرامیکی,6,6,6,6,6,6
مرصاد-دیاله,3 LS,مشبک فلزی,LT,آویزی,25,10,10,10,سرامیکی,سرامیکی,سرامیکی,سرامیکی,سرامیکی,سرامیکی,6,6,6,6,6,6
مرصاد-دیاله,4 LS,مشبک فلزی,LT,آویزی,25,10,10,10,سرامیکی,سرامیکی,سرامیکی,سرامیکی,سرامیکی,سرامیکی,6,6,6,6,6,6
مرصاد-دیاله,5 LS,مشبک فلزی,LT,آویزی,25,10,10,10,سرامیکی,سرامیکی,سرامیکی,سرامیکی,سرامیکی,سرامیکی,6,6,6,6,6,6
مرصاد-دیاله,6 LS,مشبک فلزی,LT,آویزی,25,10,10,10,سرامیکی,سرامیکی,سرامیکی,سرامیکی,سرامیکی,سرامیکی,6,6,6,6,6,6
مرصاد-دیاله,7 LS,مشبک فلزی,LT,آویزی,25,10,10,10,سرامیکی,سرامیکی,سرامیکی,سرامیکی,سرامیکی,سرامیکی,6,6,6,6,6,6
مرصاد-دیاله,8 LS,مشبک فلزی,LT,آویزی,25,10,10,10,سرامیکی,سرامیکی,سرامیکی,سرامیکی,سرامیکی,سرامیکی,6,6,6,6,6,6
مرصاد-دیاله,9 LS,مشبک فلزی,LT,آویزی,25,10,10,10,سرامیکی,سرامیکی,سرامیکی,سرامیکی,سرامیکی,سرامیکی,6,6,6,6,6,6
مرصاد-دیاله,10 LS,مشبک فلزی,LT,آویزی,25,10,10,10,سرامیکی,سرامیکی,سرامیکی,سرامیکی,سرامیکی,سرامیکی,6,6,6,6,6,6
مرصاد-دیاله,11 LS,مشبک فلزی,LT,آویزی,25,10,10,10,سرامیکی,سرامیکی,سرامیکی,سرامیکی,سرامیکی,سرامیکی,6,6,6,6,6,6
مرصاد-دیاله,12 LS,مشبک فلزی,LT,آویزی,25,10,10,10,سرامیکی,سرامیکی,سرامیکی,سرامیکی,سرامیکی,سرامیکی,6,6,6,6,6,6
مرصاد-دیاله,13 LS,مشبک فلزی,LT,آویزی,25,10,10,10,سرامیکی,سرامیکی,سرامیکی,سرامیکی,سرامیکی,سرامیکی,6,6,6,6,6,6
مرصاد-دیاله,14 T30,مشبک فلزی,LT,آویزی,25,10,10,10,سرامیکی,سرامیکی,سرامیکی,سرامیکی,سرامیکی,سرامیکی,6,6,6,6,6,6
مرصاد-دیاله,15 LS,مشبک فلزی,LT,آویزی,25,10,10,10,سرامیکی,سرامیکی,سرامیکی,سرامیکی,سرامیکی,سرامیکی,6,6,6,6,6,6
مرصاد-دیاله,16 LS,مشبک فلزی,LT,آویزی,25,10,10,10,سرامیکی,سرامیکی,سرامیکی,سرامیکی,سرامیکی,سرامیکی,6,6,6,6,6,6
مرصاد-دیاله,17 HS,مشبک فلزی,LT,آویزی,25,10,10,10,سرامیکی,سرامیکی,سرامیکی,سرامیکی,سرامیکی,سرامیکی,6,6,6,6,6,6
مرصاد-دیاله,18 HS,مشبک فلزی,LT,آویزی,25,10,10,10,سرامیکی,سرامیکی,سرامیکی,سرامیکی,سرامیکی,سرامیکی,6,6,6,6,6,6
مرصاد-دیاله,19 T60,مشبک فلزی,LT,آویزی,25,10,10,10,سرامیکی,سرامیکی,سرامیکی,سرامیکی,سرامیکی,سرامیکی,6,6,6,6,6,6
مرصاد-دیاله,20 LS,مشبک فلزی,LT,آویزی,25,10,10,10,سرامیکی,سرامیکی,سرامیکی,سرامیکی,سرامیکی,سرامیکی,6,6,6,6,6,6
مرصاد-دیاله,21 LS,مشبک فلزی,LT,آویزی,25,10,10,10,سرامیکی,سرامیکی,سرامیکی,سرامیکی,سرامیکی,سرامیکی,6,6,6,6,6,6
مرصاد-دیاله,22 LS,مشبک فلزی,LT,آویزی,25,10,10,10,سرامیکی,سرامیکی,سرامیکی,سرامیکی,سرامیکی,سرامیکی,6,6,6,6,6,6
مرصاد-دیاله,23 LS,مشبک فلزی,LT,آویزی,25,10,10,10,سرامیکی,سرامیکی,سرامیکی,سرامیکی,سرامیکی,سرامیکی,6,6,6,6,6,6
مرصاد-دیاله,24 LS,مشبک فلزی,LT,آویزی,25,10,10,10,سرامیکی,سرامیکی,سرامیکی,سرامیکی,سرامیکی,سرامیکی,6,6,6,6,6,6
مرصاد-دیاله,25 HS,مشبک فلزی,LT,آویزی,25,10,10,10,سرامیکی,سرامیکی,سرامیکی,سرامیکی,سرامیکی,سرامیکی,6,6,6,6,6,6
مرصاد-دیاله,26 HS,مشبک فلزی,LT,آویزی,25,10,10,10,سرامیکی,سرامیکی,سرامیکی,سرامیکی,سرامیکی,سرامیکی,6,6,6,6,6,6
مرصاد-دیاله,27 LS,مشبک فلزی,LT,آویزی,25,10,10,10,سرامیکی,سرامیکی,سرامیکی,سرامیکی,سرامیکی,سرامیکی,6,6,6,6,6,6
مرصاد-دیاله,28 T60,مشبک فلزی,LT,آویزی,25,10,10,10,سرامیکی,سرامیکی,سرامیکی,سرامیکی,سرامیکی,سرامیکی,6,6,6,6,6,6
مرصاد-دیاله,29 T60,مشبک فلزی,LT,آویزی,25,10,10,10,سرامیکی,سرامیکی,سرامیکی,سرامیکی,سرامیکی,سرامیکی,6,6,6,6,6,6
مرصاد-دیاله,30 LS,مشبک فلزی,LT,آویزی,25,10,10,10,سرامیکی,سرامیکی,سرامیکی,سرامیکی,سرامیکی,سرامیکی,6,6,6,6,6,6
مرصاد-دیاله,31 LS,مشبک فلزی,LT,آویزی,25,10,10,10,سرامیکی,سرامیکی,سرامیکی,سرامیکی,سرامیکی,سرامیکی,6,6,6,6,6,6
مرصاد-دیاله,32 LS,مشبک فلزی,LT,آویزی,25,10,10,10,سرامیکی,سرامیکی,سرامیکی,سرامیکی,سرامیکی,سرامیکی,6,6,6,6,6,6
مرصاد-دیاله,33 LS,مشبک فلزی,LT,آویزی,25,10,10,10,سرامیکی,سرامیکی,سرامیکی,سرامیکی,سرامیکی,سرامیکی,6,6,6,6,6,6
مرصاد-دیاله,34 HS,مشبک فلزی,LT,آویزی,25,10,10,10,سرامیکی,سرامیکی,سرامیکی,سرامیکی,سرامیکی,سرامیکی,6,6,6,6,6,6
مرصاد-دیاله,35 LS,مشبک فلزی,LT,آویزی,25,10,10,10,سرامیکی,سرامیکی,سرامیکی,سرامیکی,سرامیکی,سرامیکی,6,6,6,6,6,6
مرصاد-دیاله,36 LS,مشبک فلزی,LT,آویزی,25,10,10,10,سرامیکی,سرامیکی,سرامیکی,سرامیکی,سرامیکی,سرامیکی,6,6,6,6,6,6
مرصاد-دیاله,37 LS,مشبک فلزی,LT,آویزی,25,10,10,10,سرامیکی,سرامیکی,سرامیکی,سرامیکی,سرامیکی,سرامیکی,6,6,6,6,6,6
مرصاد-دیاله,38 LS,مشبک فلزی,LT,آویزی,25,10,10,10,سرامیکی,سرامیکی,سرامیکی,سرامیکی,سرامیکی,سرامیکی,6,6,6,6,6,6
مرصاد-دیاله,39 LS,مشبک فلزی,LT,آویزی,25,10,10,10,سرامیکی,سرامیکی,سرامیکی,سرامیکی,سرامیکی,سرامیکی,6,6,6,6,6,6
مرصاد-دیاله,40 LS,مشبک فلزی,LT,آویزی,25,10,10,10,سرامیکی,سرامیکی,سرامیکی,سرامیکی,سرامیکی,سرامیکی,6,6,6,6,6,6
مرصاد-دیاله,41 LS,مشبک فلزی,LT,آویزی,25,10,10,10,سرامیکی,سرامیکی,سرامیکی,سرامیکی,سرامیکی,سرامیکی,6,6,6,6,6,6
مرصاد-دیاله,42 HS,مشبک فلزی,LT,آویزی,25,10,10,10,سرامیکی,سرامیکی,سرامیکی,سرامیکی,سرامیکی,سرامیکی,6,6,6,6,6,6
مرصاد-دیاله,43 T30,مشبک فلزی,LT,آویزی,25,10,10,10,سرامیکی,سرامیکی,سرامیکی,سرامیکی,سرامیکی,سرامیکی,6,6,6,6,6,6
مرصاد-دیاله,44 LS,مشبک فلزی,LT,آویزی,25,10,10,10,سرامیکی,سرامیکی,سرامیکی,سرامیکی,سرامیکی,سرامیکی,6,6,6,6,6,6
مرصاد-دیاله,45 HS,مشبک فلزی,LT,آویزی,25,10,10,10,سرامیکی,سرامیکی,سرامیکی,سرامیکی,سرامیکی,سرامیکی,6,6,6,6,6,6
مرصاد-دیاله,46 HS,مشبک فلزی,LT,آویزی,25,10,10,10,سرامیکی,سرامیکی,سرامیکی,سرامیکی,سرامیکی,سرامیکی,6,6,6,6,6,6
مرصاد-دیاله,47 T60,مشبک فلزی,LT,آویزی,25,10,10,10,سرامیکی,سرامیکی,سرامیکی,سرامیکی,سرامیکی,سرامیکی,6,6,6,6,6,6
مرصاد-دیاله,48 LS,مشبک فلزی,LT,آویزی,25,10,10,10,سرامیکی,سرامیکی,سرامیکی,سرامیکی,سرامیکی,سرامیکی,6,6,6,6,6,6
مرصاد-دیاله,49 LS,مشبک فلزی,LT,آویزی,25,10,10,10,سرامیکی,سرامیکی,سرامیکی,سرامیکی,سرامیکی,سرامیکی,6,6,6,6,6,6
مرصاد-دیاله,50 LS,مشبک فلزی,LT,آویزی,25,10,10,10,سرامیکی,سرامیکی,سرامیکی,سرامیکی,سرامیکی,سرامیکی,6,6,6,6,6,6
مرصاد-دیاله,51 LS,مشبک فلزی,LT,آویزی,25,10,10,10,سرامیکی,سرامیکی,سرامیکی,سرامیکی,سرامیکی,سرامیکی,6,6,6,6,6,6
مرصاد-دیاله,52 LS,مشبک فلزی,LT,آویزی,25,10,10,10,سرامیکی,سرامیکی,سرامیکی,سرامیکی,سرامیکی,سرامیکی,6,6,6,6,6,6
مرصاد-دیاله,53 LS,مشبک فلزی,LT,آویزی,25,10,10,10,سرامیکی,سرامیکی,سرامیکی,سرامیکی,سرامیکی,سرامیکی,6,6,6,6,6,6
مرصاد-دیاله,54 LS,مشبک فلزی,LT,آویزی,25,10,10,10,سرامیکی,سرامیکی,سرامیکی,سرامیکی,سرامیکی,سرامیکی,6,6,6,6,6,6
مرصاد-دیاله,55 HS,مشبک فلزی,LT,آویزی,25,10,10,10,سرامیکی,سرامیکی,سرامیکی,سرامیکی,سرامیکی,سرامیکی,6,6,6,6,6,6
مرصاد-دیاله,56 HS,مشبک فلزی,LT,آویزی,25,10,10,10,سرامیکی,سرامیکی,سرامیکی,سرامیکی,سرامیکی,سرامیکی,6,6,6,6,6,6
مرصاد-دیاله,57 LS,مشبک فلزی,LT,آویزی,25,10,10,10,سرامیکی,سرامیکی,سرامیکی,سرامیکی,سرامیکی,سرامیکی,6,6,6,6,6,6
مرصاد-دیاله,58 LS,مشبک فلزی,LT,آویزی,25,10,10,10,سرامیکی,سرامیکی,سرامیکی,سرامیکی,سرامیکی,سرامیکی,6,6,6,6,6,6
مرصاد-دیاله,59 LS,مشبک فلزی,LT,آویزی,25,10,10,10,سرامیکی,سرامیکی,سرامیکی,سرامیکی,سرامیکی,سرامیکی,6,6,6,6,6,6
مرصاد-دیاله,60,مشبک فلزی,LT,آویزی,25,10,10,10,سرامیکی,سرامیکی,سرامیکی,سرامیکی,سرامیکی,سرامیکی,6,6,6,6,6,6
مرصاد-دیاله,61 LS,مشبک فلزی,LT,آویزی,25,10,10,10,سرامیکی,سرامیکی,سرامیکی,سرامیکی,سرامیکی,سرامیکی,6,6,6,6,6,6
مرصاد-دیاله,62 HS,مشبک فلزی,LT,آویزی,25,10,10,10,سرامیکی,سرامیکی,سرامیکی,سرامیکی,سرامیکی,سرامیکی,6,6,6,6,6,6
مرصاد-دیاله,63 HS,مشبک فلزی,LT,آویزی,25,10,10,10,سرامیکی,سرامیکی,سرامیکی,سرامیکی,سرامیکی,سرامیکی,6,6,6,6,6,6
مرصاد-دیاله,64 HS,مشبک فلزی,LT,آویزی,25,10,10,10,سرامیکی,سرامیکی,سرامیکی,سرامیکی,سرامیکی,سرامیکی,6,6,6,6,6,6
مرصاد-دیاله,65 T60,مشبک فلزی,LT,آویزی,25,10,10,10,سرامیکی,سرامیکی,سرامیکی,سرامیکی,سرامیکی,سرامیکی,6,6,6,6,6,6
مرصاد-دیاله,66 T60,مشبک فلزی,LT,آویزی,25,10,10,10,سرامیکی,سرامیکی,سرامیکی,سرامیکی,سرامیکی,سرامیکی,6,6,6,6,6,6
مرصاد-دیاله,67 LS,مشبک فلزی,LT,آویزی,25,10,10,10,سرامیکی,سرامیکی,سرامیکی,سرامیکی,سرامیکی,سرامیکی,6,6,6,6,6,6
مرصاد-دیاله,68 LS,مشبک فلزی,LT,آویزی,25,10,10,10,سرامیکی,سرامیکی,سرامیکی,سرامیکی,سرامیکی,سرامیکی,6,6,6,6,6,6
مرصاد-دیاله,69 LS,مشبک فلزی,LT,آویزی,25,10,10,10,سرامیکی,سرامیکی,سرامیکی,سرامیکی,سرامیکی,سرامیکی,6,6,6,6,6,6
مرصاد-دیاله,70 LS,مشبک فلزی,LT,آویزی,25,10,10,10,سرامیکی,سرامیکی,سرامیکی,سرامیکی,سرامیکی,سرامیکی,6,6,6,6,6,6
مرصاد-دیاله,71 LS,مشبک فلزی,LT,آویزی,25,10,10,10,سرامیکی,سرامیکی,سرامیکی,سرامیکی,سرامیکی,سرامیکی,6,6,6,6,6,6
مرصاد-دیاله,72 LS,مشبک فلزی,LT,آویزی,25,10,10,10,سرامیکی,سرامیکی,سرامیکی,سرامیکی,سرامیکی,سرامیکی,6,6,6,6,6,6
مرصاد-دیاله,73 LS,مشبک فلزی,LT,آویزی,25,10,10,10,سرامیکی,سرامیکی,سرامیکی,سرامیکی,سرامیکی,سرامیکی,6,6,6,6,6,6
مرصاد-دیاله,74 LS,مشبک فلزی,LT,آویزی,25,10,10,10,سرامیکی,سرامیکی,سرامیکی,سرامیکی,سرامیکی,سرامیکی,6,6,6,6,6,6
مرصاد-دیاله,75 T60,مشبک فلزی,LT,آویزی,25,10,10,10,سرامیکی,سرامیکی,سرامیکی,سرامیکی,سرامیکی,سرامیکی,6,6,6,6,6,6
مرصاد-دیاله,76 LS,مشبک فلزی,LT,آویزی,25,10,10,10,سرامیکی,سرامیکی,سرامیکی,سرامیکی,سرامیکی,سرامیکی,6,6,6,6,6,6
مرصاد-دیاله,77 LS,مشبک فلزی,LT,آویزی,25,10,10,10,سرامیکی,سرامیکی,سرامیکی,سرامیکی,سرامیکی,سرامیکی,6,6,6,6,6,6
مرصاد-دیاله,78 LS,مشبک فلزی,LT,آویزی,25,10,10,10,سرامیکی,سرامیکی,سرامیکی,سرامیکی,سرامیکی,سرامیکی,6,6,6,6,6,6
مرصاد-دیاله,79 LS,مشبک فلزی,LT,آویزی,25,10,10,10,سرامیکی,سرامیکی,سرامیکی,سرامیکی,سرامیکی,سرامیکی,6,6,6,6,6,6
مرصاد-دیاله,80 T60,مشبک فلزی,LT,آویزی,25,10,10,10,سرامیکی,سرامیکی,سرامیکی,سرامیکی,سرامیکی,سرامیکی,6,6,6,6,6,6
مرصاد-دیاله,81 LS,مشبک فلزی,LT,آویزی,25,10,10,10,سرامیکی,سرامیکی,سرامیکی,سرامیکی,سرامیکی,سرامیکی,6,6,6,6,6,6
مرصاد-دیاله,82 LS,مشبک فلزی,LT,آویزی,25,10,10,10,سرامیکی,سرامیکی,سرامیکی,سرامیکی,سرامیکی,سرامیکی,6,6,6,6,6,6
مرصاد-دیاله,83 T60,مشبک فلزی,LT,آویزی,25,10,10,10,سرامیکی,سرامیکی,سرامیکی,سرامیکی,سرامیکی,سرامیکی,6,6,6,6,6,6
مرصاد-دیاله,84 LS,مشبک فلزی,LT,آویزی,25,10,10,10,سرامیکی,سرامیکی,سرامیکی,سرامیکی,سرامیکی,سرامیکی,6,6,6,6,6,6
مرصاد-دیاله,85 LS,مشبک فلزی,LT,آویزی,25,10,10,10,سرامیکی,سرامیکی,سرامیکی,سرامیکی,سرامیکی,سرامیکی,6,6,6,6,6,6
مرصاد-دیاله,86 LS,مشبک فلزی,LT,آویزی,25,10,10,10,سرامیکی,سرامیکی,سرامیکی,سرامیکی,سرامیکی,سرامیکی,6,6,6,6,6,6
مرصاد-دیاله,87 LS,مشبک فلزی,LT,آویزی,25,10,10,10,سرامیکی,سرامیکی,سرامیکی,سرامیکی,سرامیکی,سرامیکی,6,6,6,6,6,6
مرصاد-دیاله,88 LS,مشبک فلزی,LT,آویزی,25,10,10,10,سرامیکی,سرامیکی,سرامیکی,سرامیکی,سرامیکی,سرامیکی,6,6,6,6,6,6
مرصاد-دیاله,89 LS,مشبک فلزی,LT,آویزی,25,10,10,10,سرامیکی,سرامیکی,سرامیکی,سرامیکی,سرامیکی,سرامیکی,6,6,6,6,6,6
مرصاد-دیاله,90 T30,مشبک فلزی,LT,آویزی,25,10,10,10,سرامیکی,سرامیکی,سرامیکی,سرامیکی,سرامیکی,سرامیکی,6,6,6,6,6,6
مرصاد-دیاله,91 LS,مشبک فلزی,LT,آویزی,25,10,10,10,سرامیکی,سرامیکی,سرامیکی,سرامیکی,سرامیکی,سرامیکی,6,6,6,6,6,6
مرصاد-دیاله,92 LS,مشبک فلزی,LT,آویزی,25,10,10,10,سرامیکی,سرامیکی,سرامیکی,سرامیکی,سرامیکی,سرامیکی,6,6,6,6,6,6
مرصاد-دیاله,93 LS,مشبک فلزی,LT,آویزی,25,10,10,10,سرامیکی,سرامیکی,سرامیکی,سرامیکی,سرامیکی,سرامیکی,6,6,6,6,6,6
مرصاد-دیاله,94 HS,مشبک فلزی,LT,آویزی,25,10,10,10,سرامیکی,سرامیکی,سرامیکی,سرامیکی,سرامیکی,سرامیکی,6,6,6,6,6,6
مرصاد-دیاله,95 LS,مشبک فلزی,LT,آویزی,25,10,10,10,سرامیکی,سرامیکی,سرامیکی,سرامیکی,سرامیکی,سرامیکی,6,6,6,6,6,6
مرصاد-دیاله,96 LS,مشبک فلزی,LT,آویزی,25,10,10,10,سرامیکی,سرامیکی,سرامیکی,سرامیکی,سرامیکی,سرامیکی,6,6,6,6,6,6
مرصاد-دیاله,97 T60,مشبک فلزی,LT,آویزی,25,10,10,10,سرامیکی,سرامیکی,سرامیکی,سرامیکی,سرامیکی,سرامیکی,6,6,6,6,6,6
مرصاد-دیاله,98 HS,مشبک فلزی,LT,آویزی,25,10,10,10,سرامیکی,سرامیکی,سرامیکی,سرامیکی,سرامیکی,سرامیکی,6,6,6,6,6,6
مرصاد-دیاله,99 T30,مشبک فلزی,LT,آویزی,25,10,10,10,سرامیکی,سرامیکی,سرامیکی,سرامیکی,سرامیکی,سرامیکی,6,6,6,6,6,6
مرصاد-دیاله,100,مشبک فلزی,LT,آویزی,25,10,10,10,سرامیکی,سرامیکی,سرامیکی,سرامیکی,سرامیکی,سرامیکی,6,6,6,6,6,6
مرصاد-دیاله,101,مشبک فلزی,LT,آویزی,25,10,10,10,سرامیکی,سرامیکی,سرامیکی,سرامیکی,سرامیکی,سرامیکی,6,6,6,6,6,6
مرصاد-دیاله,102 LS,مشبک فلزی,LT,آویزی,25,10,10,10,سرامیکی,سرامیکی,سرامیکی,سرامیکی,سرامیکی,سرامیکی,6,6,6,6,6,6
مرصاد-دیاله,103 LS,مشبک فلزی,LT,آویزی,25,10,10,10,سرامیکی,سرامیکی,سرامیکی,سرامیکی,سرامیکی,سرامیکی,6,6,6,6,6,6
مرصاد-دیاله,104 LS,مشبک فلزی,LT,آویزی,25,10,10,10,سرامیکی,سرامیکی,سرامیکی,سرامیکی,سرامیکی,سرامیکی,6,6,6,6,6,6
مرصاد-دیاله,105,مشبک فلزی,LT,آویزی,25,10,10,10,سرامیکی,سرامیکی,سرامیکی,سرامیکی,سرامیکی,سرامیکی,6,6,6,6,6,6
مرصاد-دیاله,106,مشبک فلزی,LT,آویزی,25,10,10,10,سرامیکی,سرامیکی,سرامیکی,سرامیکی,سرامیکی,سرامیکی,6,6,6,6,6,6
مرصاد-دیاله,107 LS,مشبک فلزی,LT,آویزی,25,10,10,10,سرامیکی,سرامیکی,سرامیکی,سرامیکی,سرامیکی,سرامیکی,6,6,6,6,6,6
مرصاد-دیاله,108,مشبک فلزی,LT,آویزی,25,10,10,10,سرامیکی,سرامیکی,سرامیکی,سرامیکی,سرامیکی,سرامیکی,6,6,6,6,6,6
مرصاد-دیاله,109,مشبک فلزی,LT,آویزی,25,10,10,10,سرامیکی,سرامیکی,سرامیکی,سرامیکی,سرامیکی,سرامیکی,6,6,6,6,6,6
مرصاد-دیاله,110 HS,مشبک فلزی,LT,آویزی,25,10,10,10,سرامیکی,سرامیکی,سرامیکی,سرامیکی,سرامیکی,سرامیکی,6,6,6,6,6,6
مرصاد-دیاله,111 HS,مشبک فلزی,LT,آویزی,25,10,10,10,سرامیکی,سرامیکی,سرامیکی,سرامیکی,سرامیکی,سرامیکی,6,6,6,6,6,6
مرصاد-دیاله,112 LS,مشبک فلزی,LT,آویزی,25,10,10,10,سرامیکی,سرامیکی,سرامیکی,سرامیکی,سرامیکی,سرامیکی,6,6,6,6,6,6
مرصاد-دیاله,113 LS,مشبک فلزی,LT,آویزی,25,10,10,10,سرامیکی,سرامیکی,سرامیکی,سرامیکی,سرامیکی,سرامیکی,6,6,6,6,6,6
مرصاد-دیاله,114 HS,مشبک فلزی,LT,آویزی,25,10,10,10,سرامیکی,سرامیکی,سرامیکی,سرامیکی,سرامیکی,سرامیکی,6,6,6,6,6,6
مرصاد-دیاله,115 LS,مشبک فلزی,LT,آویزی,25,10,10,10,سرامیکی,سرامیکی,سرامیکی,سرامیکی,سرامیکی,سرامیکی,6,6,6,6,6,6
مرصاد-دیاله,116 LS,مشبک فلزی,LT,آویزی,25,10,10,10,سرامیکی,سرامیکی,سرامیکی,سرامیکی,سرامیکی,سرامیکی,6,6,6,6,6,6
مرصاد-دیاله,117 LS,مشبک فلزی,LT,آویزی,25,10,10,10,سرامیکی,سرامیکی,سرامیکی,سرامیکی,سرامیکی,سرامیکی,6,6,6,6,6,6
مرصاد-دیاله,118 LS,مشبک فلزی,LT,آویزی,25,10,10,10,سرامیکی,سرامیکی,سرامیکی,سرامیکی,سرامیکی,سرامیکی,6,6,6,6,6,6
مرصاد-دیاله,119 LS,مشبک فلزی,LT,آویزی,25,10,10,10,سرامیکی,سرامیکی,سرامیکی,سرامیکی,سرامیکی,سرامیکی,6,6,6,6,6,6
مرصاد-دیاله,120 LS,مشبک فلزی,LT,آویزی,25,10,10,10,سرامیکی,سرامیکی,سرامیکی,سرامیکی,سرامیکی,سرامیکی,6,6,6,6,6,6
مرصاد-دیاله,121 LS,مشبک فلزی,LT,آویزی,25,10,10,10,سرامیکی,سرامیکی,سرامیکی,سرامیکی,سرامیکی,سرامیکی,6,6,6,6,6,6
مرصاد-دیاله,122 LS,مشبک فلزی,LT,آویزی,25,10,10,10,سرامیکی,سرامیکی,سرامیکی,سرامیکی,سرامیکی,سرامیکی,6,6,6,6,6,6
مرصاد-دیاله,123,مشبک فلزی,LT,آویزی,25,10,10,10,سرامیکی,سرامیکی,سرامیکی,سرامیکی,سرامیکی,سرامیکی,6,6,6,6,6,6
مرصاد-دیاله,124,مشبک فلزی,LT,آویزی,25,10,10,10,سرامیکی,سرامیکی,سرامیکی,سرامیکی,سرامیکی,سرامیکی,6,6,6,6,6,6
مرصاد-دیاله,125 LS,مشبک فلزی,LT,آویزی,25,10,10,10,سرامیکی,سرامیکی,سرامیکی,سرامیکی,سرامیکی,سرامیکی,6,6,6,6,6,6
مرصاد-دیاله,126 LS,مشبک فلزی,LT,آویزی,25,10,10,10,سرامیکی,سرامیکی,سرامیکی,سرامیکی,سرامیکی,سرامیکی,6,6,6,6,6,6
مرصاد-دیاله,127 LS,مشبک فلزی,LT,آویزی,25,10,10,10,سرامیکی,سرامیکی,سرامیکی,سرامیکی,سرامیکی,سرامیکی,6,6,6,6,6,6
مرصاد-دیاله,128,مشبک فلزی,LT,آویزی,25,10,10,10,سرامیکی,سرامیکی,سرامیکی,سرامیکی,سرامیکی,سرامیکی,6,6,6,6,6,6
مرصاد-دیاله,129 T30,مشبک فلزی,LT,آویزی,25,10,10,10,سرامیکی,سرامیکی,سرامیکی,سرامیکی,سرامیکی,سرامیکی,6,6,6,6,6,6
مرصاد-دیاله,130,مشبک فلزی,LT,آویزی,25,10,10,10,سرامیکی,سرامیکی,سرامیکی,سرامیکی,سرامیکی,سرامیکی,6,6,6,6,6,6
مرصاد-دیاله,131 LS,مشبک فلزی,LT,آویزی,25,10,10,10,سرامیکی,سرامیکی,سرامیکی,سرامیکی,سرامیکی,سرامیکی,6,6,6,6,6,6
مرصاد-دیاله,132 HS,مشبک فلزی,LT,آویزی,25,10,10,10,سرامیکی,سرامیکی,سرامیکی,سرامیکی,سرامیکی,سرامیکی,6,6,6,6,6,6
مرصاد-دیاله,133 HS,مشبک فلزی,LT,آویزی,25,10,10,10,سرامیکی,سرامیکی,سرامیکی,سرامیکی,سرامیکی,سرامیکی,6,6,6,6,6,6
مرصاد-دیاله,134,مشبک فلزی,LT,آویزی,25,10,10,10,سرامیکی,سرامیکی,سرامیکی,سرامیکی,سرامیکی,سرامیکی,6,6,6,6,6,6
مرصاد-دیاله,135,مشبک فلزی,LT,آویزی,25,10,10,10,سرامیکی,سرامیکی,سرامیکی,سرامیکی,سرامیکی,سرامیکی,6,6,6,6,6,6
مرصاد-دیاله,136 LT,مشبک فلزی,LT,آویزی,25,10,10,10,سرامیکی,سرامیکی,سرامیکی,سرامیکی,سرامیکی,سرامیکی,6,6,6,6,6,6
مرصاد-دیاله,137 LT,مشبک فلزی,LT,آویزی,25,10,10,10,سرامیکی,سرامیکی,سرامیکی,سرامیکی,سرامیکی,سرامیکی,6,6,6,6,6,6
مرصاد-دیاله,138 LT,مشبک فلزی,LT,آویزی,25,10,10,10,سرامیکی,سرامیکی,سرامیکی,سرامیکی,سرامیکی,سرامیکی,6,6,6,6,6,6
مرصاد-دیاله,139 LT,مشبک فلزی,LT,آویزی,25,10,10,10,سرامیکی,سرامیکی,سرامیکی,سرامیکی,سرامیکی,سرامیکی,6,6,6,6,6,6
مرصاد-دیاله,140 LT,مشبک فلزی,LT,آویزی,25,10,10,10,سرامیکی,سرامیکی,سرامیکی,سرامیکی,سرامیکی,سرامیکی,6,6,6,6,6,6
مرصاد-دیاله,141,مشبک فلزی,LT,آویزی,25,10,10,10,سرامیکی,سرامیکی,سرامیکی,سرامیکی,سرامیکی,سرامیکی,6,6,6,6,6,6
مرصاد-دیاله,142 LT,مشبک فلزی,LT,آویزی,25,10,10,10,سرامیکی,سرامیکی,سرامیکی,سرامیکی,سرامیکی,سرامیکی,6,6,6,6,6,6
مرصاد-دیاله,143 LT,مشبک فلزی,LT,آویزی,25,10,10,10,سرامیکی,سرامیکی,سرامیکی,سرامیکی,سرامیکی,سرامیکی,6,6,6,6,6,6
مرصاد-دیاله,144 LT,مشبک فلزی,LT,آویزی,25,10,10,10,سرامیکی,سرامیکی,سرامیکی,سرامیکی,سرامیکی,سرامیکی,6,6,6,6,6,6
مرصاد-دیاله,145 LT,مشبک فلزی,LT,آویزی,25,10,10,10,سرامیکی,سرامیکی,سرامیکی,سرامیکی,سرامیکی,سرامیکی,6,6,6,6,6,6
مرصاد-دیاله,146,مشبک فلزی,LT,آویزی,25,10,10,10,سرامیکی,سرامیکی,سرامیکی,سرامیکی,سرامیکی,سرامیکی,6,6,6,6,6,6
مرصاد-دیاله,147,مشبک فلزی,LT,آویزی,25,10,10,10,سرامیکی,سرامیکی,سرامیکی,سرامیکی,سرامیکی,سرامیکی,6,6,6,6,6,6
مرصاد-دیاله,148 LT,مشبک فلزی,LT,آویزی,25,10,10,10,سرامیکی,سرامیکی,سرامیکی,سرامیکی,سرامیکی,سرامیکی,6,6,6,6,6,6
مرصاد-دیاله,149 LT,مشبک فلزی,LT,آویزی,25,10,10,10,سرامیکی,سرامیکی,سرامیکی,سرامیکی,سرامیکی,سرامیکی,6,6,6,6,6,6
مرصاد-دیاله,150 LT,مشبک فلزی,LT,آویزی,25,10,10,10,سرامیکی,سرامیکی,سرامیکی,سرامیکی,سرامیکی,سرامیکی,6,6,6,6,6,6
مرصاد-دیاله,151 LT,مشبک فلزی,LT,آویزی,25,10,10,10,سرامیکی,سرامیکی,سرامیکی,سرامیکی,سرامیکی,سرامیکی,6,6,6,6,6,6
مرصاد-دیاله,152 HT,مشبک فلزی,LT,آویزی,25,10,10,10,سرامیکی,سرامیکی,سرامیکی,سرامیکی,سرامیکی,سرامیکی,6,6,6,6,6,6
مرصاد-دیاله,153 LT,مشبک فلزی,LT,آویزی,25,10,10,10,سرامیکی,سرامیکی,سرامیکی,سرامیکی,سرامیکی,سرامیکی,6,6,6,6,6,6
مرصاد-دیاله,154 LT,مشبک فلزی,LT,آویزی,25,10,10,10,سرامیکی,سرامیکی,سرامیکی,سرامیکی,سرامیکی,سرامیکی,6,6,6,6,6,6
مرصاد-دیاله,155 HT,مشبک فلزی,LT,آویزی,25,10,10,10,سرامیکی,سرامیکی,سرامیکی,سرامیکی,سرامیکی,سرامیکی,6,6,6,6,6,6
مرصاد-دیاله,156,مشبک فلزی,LT,آویزی,25,10,10,10,سرامیکی,سرامیکی,سرامیکی,سرامیکی,سرامیکی,سرامیکی,6,6,6,6,6,6
مرصاد-دیاله,157,مشبک فلزی,LT,آویزی,25,10,10,10,سرامیکی,سرامیکی,سرامیکی,سرامیکی,سرامیکی,سرامیکی,6,6,6,6,6,6
مرصاد-دیاله,158 LT,مشبک فلزی,LT,آویزی,25,10,10,10,سرامیکی,سرامیکی,سرامیکی,سرامیکی,سرامیکی,سرامیکی,6,6,6,6,6,6
مرصاد-دیاله,159 LT,مشبک فلزی,LT,آویزی,25,10,10,10,سرامیکی,سرامیکی,سرامیکی,سرامیکی,سرامیکی,سرامیکی,6,6,6,6,6,6
مرصاد-دیاله,160 LT,مشبک فلزی,LT,آویزی,25,10,10,10,سرامیکی,سرامیکی,سرامیکی,سرامیکی,سرامیکی,سرامیکی,6,6,6,6,6,6
مرصاد-دیاله,161 LT,مشبک فلزی,LT,آویزی,25,10,10,10,سرامیکی,سرامیکی,سرامیکی,سرامیکی,سرامیکی,سرامیکی,6,6,6,6,6,6
مرصاد-دیاله,162 LT,مشبک فلزی,LT,آویزی,25,10,10,10,سرامیکی,سرامیکی,سرامیکی,سرامیکی,سرامیکی,سرامیکی,6,6,6,6,6,6
مرصاد-دیاله,163 LT,مشبک فلزی,LT,آویزی,25,10,10,10,سرامیکی,سرامیکی,سرامیکی,سرامیکی,سرامیکی,سرامیکی,6,6,6,6,6,6
مرصاد-دیاله,164 LT,مشبک فلزی,LT,آویزی,25,10,10,10,سرامیکی,سرامیکی,سرامیکی,سرامیکی,سرامیکی,سرامیکی,6,6,6,6,6,6
مرصاد-دیاله,165,مشبک فلزی,LT,آویزی,25,10,10,10,سرامیکی,سرامیکی,سرامیکی,سرامیکی,سرامیکی,سرامیکی,6,6,6,6,6,6
مرصاد-دیاله,166,مشبک فلزی,LT,آویزی,25,10,10,10,سرامیکی,سرامیکی,سرامیکی,سرامیکی,سرامیکی,سرامیکی,6,6,6,6,6,6
مرصاد-دیاله,167,مشبک فلزی,LT,آویزی,25,10,10,10,سرامیکی,سرامیکی,سرامیکی,سرامیکی,سرامیکی,سرامیکی,6,6,6,6,6,6
مرصاد-دیاله,168,مشبک فلزی,LT,آویزی,25,10,10,10,سرامیکی,سرامیکی,سرامیکی,سرامیکی,سرامیکی,سرامیکی,6,6,6,6,6,6
مرصاد-دیاله,169,مشبک فلزی,LT,آویزی,25,10,10,10,سرامیکی,سرامیکی,سرامیکی,سرامیکی,سرامیکی,سرامیکی,6,6,6,6,6,6
مرصاد-دیاله,170,مشبک فلزی,LT,آویزی,25,10,10,10,سرامیکی,سرامیکی,سرامیکی,سرامیکی,سرامیکی,سرامیکی,6,6,6,6,6,6
مرصاد-دیاله,171,مشبک فلزی,LT,آویزی,25,10,10,10,سرامیکی,سرامیکی,سرامیکی,سرامیکی,سرامیکی,سرامیکی,6,6,6,6,6,6
مرصاد-دیاله,172,مشبک فلزی,LT,آویزی,25,10,10,10,سرامیکی,سرامیکی,سرامیکی,سرامیکی,سرامیکی,سرامیکی,6,6,6,6,6,6
مرصاد-دیاله,173,مشبک فلزی,LT,آویزی,25,10,10,10,سرامیکی,سرامیکی,سرامیکی,سرامیکی,سرامیکی,سرامیکی,6,6,6,6,6,6
مرصاد-دیاله,174,مشبک فلزی,LT,آویزی,25,10,10,10,سرامیکی,سرامیکی,سرامیکی,سرامیکی,سرامیکی,سرامیکی,6,6,6,6,6,6
مرصاد-دیاله,175,مشبک فلزی,LT,آویزی,25,10,10,10,سرامیکی,سرامیکی,سرامیکی,سرامیکی,سرامیکی,سرامیکی,6,6,6,6,6,6
مرصاد-دیاله,176,مشبک فلزی,LT,آویزی,25,10,10,10,سرامیکی,سرامیکی,سرامیکی,سرامیکی,سرامیکی,سرامیکی,6,6,6,6,6,6
مرصاد-دیاله,177 LT,مشبک فلزی,LT,آویزی,25,10,10,10,سرامیکی,سرامیکی,سرامیکی,سرامیکی,سرامیکی,سرامیکی,6,6,6,6,6,6
مرصاد-دیاله,178,مشبک فلزی,LT,آویزی,25,10,10,10,سرامیکی,سرامیکی,سرامیکی,سرامیکی,سرامیکی,سرامیکی,6,6,6,6,6,6
مرصاد-دیاله,179,مشبک فلزی,LT,آویزی,25,10,10,10,سرامیکی,سرامیکی,سرامیکی,سرامیکی,سرامیکی,سرامیکی,6,6,6,6,6,6
مرصاد-دیاله,180,مشبک فلزی,LT,آویزی,25,10,10,10,سرامیکی,سرامیکی,سرامیکی,سرامیکی,سرامیکی,سرامیکی,6,6,6,6,6,6
مرصاد-دیاله,181,مشبک فلزی,LT,آویزی,25,10,10,10,سرامیکی,سرامیکی,سرامیکی,سرامیکی,سرامیکی,سرامیکی,6,6,6,6,6,6
مرصاد-دیاله,182,مشبک فلزی,LT,آویزی,25,10,10,10,سرامیکی,سرامیکی,سرامیکی,سرامیکی,سرامیکی,سرامیکی,6,6,6,6,6,6
مرصاد-دیاله,183,مشبک فلزی,LT,آویزی,25,10,10,10,سرامیکی,سرامیکی,سرامیکی,سرامیکی,سرامیکی,سرامیکی,6,6,6,6,6,6
مرصاد-دیاله,184,مشبک فلزی,LT,آویزی,25,10,10,10,سرامیکی,سرامیکی,سرامیکی,سرامیکی,سرامیکی,سرامیکی,6,6,6,6,6,6
مرصاد-دیاله,185 LT,مشبک فلزی,LT,آویزی,25,10,10,10,سرامیکی,سرامیکی,سرامیکی,سرامیکی,سرامیکی,سرامیکی,6,6,6,6,6,6
مرصاد-دیاله,186 HT,مشبک فلزی,LT,آویزی,25,10,10,10,سرامیکی,سرامیکی,سرامیکی,سرامیکی,سرامیکی,سرامیکی,6,6,6,6,6,6
مرصاد-دیاله,187 LA,مشبک فلزی,LT,آویزی,25,10,10,10,سرامیکی,سرامیکی,سرامیکی,سرامیکی,سرامیکی,سرامیکی,6,6,6,6,6,6
مرصاد-دیاله,188,مشبک فلزی,LT,آویزی,25,10,10,10,سرامیکی,سرامیکی,سرامیکی,سرامیکی,سرامیکی,سرامیکی,6,6,6,6,6,6
مرصاد-دیاله,189,مشبک فلزی,LT,آویزی,25,10,10,10,سرامیکی,سرامیکی,سرامیکی,سرامیکی,سرامیکی,سرامیکی,6,6,6,6,6,6
مرصاد-دیاله,190,مشبک فلزی,LT,آویزی,25,10,10,10,سرامیکی,سرامیکی,سرامیکی,سرامیکی,سرامیکی,سرامیکی,6,6,6,6,6,6
مرصاد-دیاله,191,مشبک فلزی,LT,آویزی,25,10,10,10,سرامیکی,سرامیکی,سرامیکی,سرامیکی,سرامیکی,سرامیکی,6,6,6,6,6,6
مرصاد-دیاله,192,مشبک فلزی,LT,آویزی,25,10,10,10,سرامیکی,سرامیکی,سرامیکی,سرامیکی,سرامیکی,سرامیکی,6,6,6,6,6,6
مرصاد-دیاله,193,مشبک فلزی,LT,آویزی,25,10,10,10,سرامیکی,سرامیکی,سرامیکی,سرامیکی,سرامیکی,سرامیکی,6,6,6,6,6,6
مرصاد-دیاله,194 LT,مشبک فلزی,LT,آویزی,25,10,10,10,سرامیکی,سرامیکی,سرامیکی,سرامیکی,سرامیکی,سرامیکی,6,6,6,6,6,6
مرصاد-دیاله,195 LT,مشبک فلزی,LT,آویزی,25,10,10,10,سرامیکی,سرامیکی,سرامیکی,سرامیکی,سرامیکی,سرامیکی,6,6,6,6,6,6
مرصاد-دیاله,196 LT,مشبک فلزی,LT,آویزی,25,10,10,10,سرامیکی,سرامیکی,سرامیکی,سرامیکی,سرامیکی,سرامیکی,6,6,6,6,6,6
مرصاد-دیاله,197 LT,مشبک فلزی,LT,آویزی,25,10,10,10,سرامیکی,سرامیکی,سرامیکی,سرامیکی,سرامیکی,سرامیکی,6,6,6,6,6,6
مرصاد-دیاله,198,مشبک فلزی,LT,آویزی,25,10,10,10,سرامیکی,سرامیکی,سرامیکی,سرامیکی,سرامیکی,سرامیکی,6,6,6,6,6,6
مرصاد-دیاله,199,مشبک فلزی,LT,آویزی,25,10,10,10,سرامیکی,سرامیکی,سرامیکی,سرامیکی,سرامیکی,سرامیکی,6,6,6,6,6,6
مرصاد-دیاله,200 LT,مشبک فلزی,LT,آویزی,25,10,10,10,سرامیکی,سرامیکی,سرامیکی,سرامیکی,سرامیکی,سرامیکی,6,6,6,6,6,6
مرصاد-دیاله,201 LT,مشبک فلزی,LT,آویزی,25,10,10,10,سرامیکی,سرامیکی,سرامیکی,سرامیکی,سرامیکی,سرامیکی,6,6,6,6,6,6
مرصاد-دیاله,202 LT,مشبک فلزی,LT,آویزی,25,10,10,10,سرامیکی,سرامیکی,سرامیکی,سرامیکی,سرامیکی,سرامیکی,6,6,6,6,6,6
مرصاد-دیاله,203,مشبک فلزی,LT,آویزی,25,10,10,10,سرامیکی,سرامیکی,سرامیکی,سرامیکی,سرامیکی,سرامیکی,6,6,6,6,6,6
مرصاد-دیاله,204,مشبک فلزی,LT,آویزی,25,10,10,10,سرامیکی,سرامیکی,سرامیکی,سرامیکی,سرامیکی,سرامیکی,6,6,6,6,6,6
مرصاد-دیاله,205 LT,مشبک فلزی,LT,آویزی,25,10,10,10,سرامیکی,سرامیکی,سرامیکی,سرامیکی,سرامیکی,سرامیکی,6,6,6,6,6,6
مرصاد-دیاله,206,مشبک فلزی,LT,آویزی,25,10,10,10,سرامیکی,سرامیکی,سرامیکی,سرامیکی,سرامیکی,سرامیکی,6,6,6,6,6,6
مرصاد-دیاله,207 LT,مشبک فلزی,LT,آویزی,25,10,10,10,سرامیکی,سرامیکی,سرامیکی,سرامیکی,سرامیکی,سرامیکی,6,6,6,6,6,6
مرصاد-دیاله,208 LT,مشبک فلزی,LT,آویزی,25,10,10,10,سرامیکی,سرامیکی,سرامیکی,سرامیکی,سرامیکی,سرامیکی,6,6,6,6,6,6
مرصاد-دیاله,209 LT,مشبک فلزی,LT,آویزی,25,10,10,10,سرامیکی,سرامیکی,سرامیکی,سرامیکی,سرامیکی,سرامیکی,6,6,6,6,6,6
مرصاد-دیاله,210,مشبک فلزی,LT,آویزی,25,10,10,10,سرامیکی,سرامیکی,سرامیکی,سرامیکی,سرامیکی,سرامیکی,6,6,6,6,6,6
مرصاد-دیاله,211,مشبک فلزی,LT,آویزی,25,10,10,10,سرامیکی,سرامیکی,سرامیکی,سرامیکی,سرامیکی,سرامیکی,6,6,6,6,6,6
مرصاد-دیاله,212,مشبک فلزی,LT,آویزی,25,10,10,10,سرامیکی,سرامیکی,سرامیکی,سرامیکی,سرامیکی,سرامیکی,6,6,6,6,6,6
مرصاد-دیاله,213 LT,مشبک فلزی,LT,آویزی,25,10,10,10,سرامیکی,سرامیکی,سرامیکی,سرامیکی,سرامیکی,سرامیکی,6,6,6,6,6,6
مرصاد-دیاله,214 LT,مشبک فلزی,LT,آویزی,25,10,10,10,سرامیکی,سرامیکی,سرامیکی,سرامیکی,سرامیکی,سرامیکی,6,6,6,6,6,6
مرصاد-دیاله,215 LT,مشبک فلزی,LT,آویزی,25,10,10,10,سرامیکی,سرامیکی,سرامیکی,سرامیکی,سرامیکی,سرامیکی,6,6,6,6,6,6
مرصاد-دیاله,216 LT,مشبک فلزی,LT,آویزی,25,10,10,10,سرامیکی,سرامیکی,سرامیکی,سرامیکی,سرامیکی,سرامیکی,6,6,6,6,6,6
مرصاد-دیاله,217 LT,مشبک فلزی,LT,آویزی,25,10,10,10,سرامیکی,سرامیکی,سرامیکی,سرامیکی,سرامیکی,سرامیکی,6,6,6,6,6,6
مرصاد-دیاله,218,مشبک فلزی,LT,آویزی,25,10,10,10,سرامیکی,سرامیکی,سرامیکی,سرامیکی,سرامیکی,سرامیکی,6,6,6,6,6,6
مرصاد-دیاله,219,مشبک فلزی,LT,آویزی,25,10,10,10,سرامیکی,سرامیکی,سرامیکی,سرامیکی,سرامیکی,سرامیکی,6,6,6,6,6,6
مرصاد-دیاله,220,مشبک فلزی,LT,آویزی,25,10,10,10,سرامیکی,سرامیکی,سرامیکی,سرامیکی,سرامیکی,سرامیکی,6,6,6,6,6,6
مرصاد-دیاله,221 LT,مشبک فلزی,LT,آویزی,25,10,10,10,سرامیکی,سرامیکی,سرامیکی,سرامیکی,سرامیکی,سرامیکی,6,6,6,6,6,6
مرصاد-دیاله,222 LT,مشبک فلزی,LT,آویزی,25,10,10,10,سرامیکی,سرامیکی,سرامیکی,سرامیکی,سرامیکی,سرامیکی,6,6,6,6,6,6
مرصاد-دیاله,223 LT,مشبک فلزی,LT,آویزی,25,10,10,10,سرامیکی,سرامیکی,سرامیکی,سرامیکی,سرامیکی,سرامیکی,6,6,6,6,6,6
مرصاد-دیاله,224,مشبک فلزی,LT,آویزی,25,10,10,10,سرامیکی,سرامیکی,سرامیکی,سرامیکی,سرامیکی,سرامیکی,6,6,6,6,6,6
مرصاد-دیاله,225,مشبک فلزی,LT,آویزی,25,10,10,10,سرامیکی,سرامیکی,سرامیکی,سرامیکی,سرامیکی,سرامیکی,6,6,6,6,6,6
مرصاد-دیاله,226 HT,مشبک فلزی,LT,آویزی,25,10,10,10,سرامیکی,سرامیکی,سرامیکی,سرامیکی,سرامیکی,سرامیکی,6,6,6,6,6,6
مرصاد-دیاله,227 LA,مشبک فلزی,LT,آویزی,25,10,10,10,سرامیکی,سرامیکی,سرامیکی,سرامیکی,سرامیکی,سرامیکی,6,6,6,6,6,6
مرصاد-دیاله,228 LA,مشبک فلزی,LT,آویزی,25,10,10,10,سرامیکی,سرامیکی,سرامیکی,سرامیکی,سرامیکی,سرامیکی,6,6,6,6,6,6
مرصاد-دیاله,229,مشبک فلزی,LT,آویزی,25,10,10,10,سرامیکی,سرامیکی,سرامیکی,سرامیکی,سرامیکی,سرامیکی,6,6,6,6,6,6
مرصاد-دیاله,230 LT,مشبک فلزی,LT,آویزی,25,10,10,10,سرامیکی,سرامیکی,سرامیکی,سرامیکی,سرامیکی,سرامیکی,6,6,6,6,6,6
مرصاد-دیاله,231 HT(12-9),مشبک فلزی,LT,آویزی,25,10,10,10,سرامیکی,سرامیکی,سرامیکی,سرامیکی,سرامیکی,سرامیکی,6,6,6,6,6,6
مرصاد-دیاله,232,مشبک فلزی,LT,آویزی,25,10,10,10,سرامیکی,سرامیکی,سرامیکی,سرامیکی,سرامیکی,سرامیکی,6,6,6,6,6,6
مرصاد-دیاله,233,مشبک فلزی,LT,آویزی,25,10,10,10,سرامیکی,سرامیکی,سرامیکی,سرامیکی,سرامیکی,سرامیکی,6,6,6,6,6,6
مرصاد-دیاله,234,مشبک فلزی,LT,آویزی,25,10,10,10,سرامیکی,سرامیکی,سرامیکی,سرامیکی,سرامیکی,سرامیکی,6,6,6,6,6,6
مرصاد-دیاله,235 HT,مشبک فلزی,LT,آویزی,25,10,10,10,سرامیکی,سرامیکی,سرامیکی,سرامیکی,سرامیکی,سرامیکی,6,6,6,6,6,6
مرصاد-دیاله,236 HT,مشبک فلزی,LT,آویزی,25,10,10,10,سرامیکی,سرامیکی,سرامیکی,سرامیکی,سرامیکی,سرامیکی,6,6,6,6,6,6
مرصاد-دیاله,237,مشبک فلزی,LT,آویزی,25,10,10,10,سرامیکی,سرامیکی,سرامیکی,سرامیکی,سرامیکی,سرامیکی,6,6,6,6,6,6
مرصاد-دیاله,238,مشبک فلزی,LT,آویزی,25,10,10,10,سرامیکی,سرامیکی,سرامیکی,سرامیکی,سرامیکی,سرامیکی,6,6,6,6,6,6
مرصاد-دیاله,239,مشبک فلزی,LT,آویزی,25,10,10,10,سرامیکی,سرامیکی,سرامیکی,سرامیکی,سرامیکی,سرامیکی,6,6,6,6,6,6
مرصاد-دیاله,240,مشبک فلزی,LT,آویزی,25,10,10,10,سرامیکی,سرامیکی,سرامیکی,سرامیکی,سرامیکی,سرامیکی,6,6,6,6,6,6
مرصاد-دیاله,241,مشبک فلزی,LT,آویزی,25,10,10,10,سرامیکی,سرامیکی,سرامیکی,سرامیکی,سرامیکی,سرامیکی,6,6,6,6,6,6
مرصاد-دیاله,242,مشبک فلزی,LT,آویزی,25,10,10,10,سرامیکی,سرامیکی,سرامیکی,سرامیکی,سرامیکی,سرامیکی,6,6,6,6,6,6
مرصاد-دیاله,243,مشبک فلزی,LT,آویزی,25,10,10,10,سرامیکی,سرامیکی,سرامیکی,سرامیکی,سرامیکی,سرامیکی,6,6,6,6,6,6
مرصاد-دیاله,244 MA,مشبک فلزی,LT,آویزی,25,10,10,10,سرامیکی,سرامیکی,سرامیکی,سرامیکی,سرامیکی,سرامیکی,6,6,6,6,6,6
مرصاد-دیاله,245,مشبک فلزی,LT,آویزی,25,10,10,10,سرامیکی,سرامیکی,سرامیکی,سرامیکی,سرامیکی,سرامیکی,6,6,6,6,6,6
مرصاد-دیاله,246,مشبک فلزی,LT,آویزی,25,10,10,10,سرامیکی,سرامیکی,سرامیکی,سرامیکی,سرامیکی,سرامیکی,6,6,6,6,6,6
مرصاد-دیاله,247,مشبک فلزی,LT,آویزی,25,10,10,10,سرامیکی,سرامیکی,سرامیکی,سرامیکی,سرامیکی,سرامیکی,6,6,6,6,6,6
مرصاد-دیاله,248 LT,مشبک فلزی,LT,آویزی,25,10,10,10,سرامیکی,سرامیکی,سرامیکی,سرامیکی,سرامیکی,سرامیکی,6,6,6,6,6,6
مرصاد-دیاله,249,مشبک فلزی,LT,آویزی,25,10,10,10,سرامیکی,سرامیکی,سرامیکی,سرامیکی,سرامیکی,سرامیکی,6,6,6,6,6,6
مرصاد-دیاله,250 LT,مشبک فلزی,LT,آویزی,25,10,10,10,سرامیکی,سرامیکی,سرامیکی,سرامیکی,سرامیکی,سرامیکی,6,6,6,6,6,6
مرصاد-دیاله,251 LT,مشبک فلزی,LT,آویزی,25,10,10,10,سرامیکی,سرامیکی,سرامیکی,سرامیکی,سرامیکی,سرامیکی,6,6,6,6,6,6
مرصاد-دیاله,252,مشبک فلزی,LT,آویزی,25,10,10,10,سرامیکی,سرامیکی,سرامیکی,سرامیکی,سرامیکی,سرامیکی,6,6,6,6,6,6
مرصاد-دیاله,253 LT,مشبک فلزی,LT,آویزی,25,10,10,10,سرامیکی,سرامیکی,سرامیکی,سرامیکی,سرامیکی,سرامیکی,6,6,6,6,6,6
مرصاد-دیاله,254 LT,مشبک فلزی,LT,آویزی,25,10,10,10,سرامیکی,سرامیکی,سرامیکی,سرامیکی,سرامیکی,سرامیکی,6,6,6,6,6,6
مرصاد-دیاله,255 LT,مشبک فلزی,LT,آویزی,25,10,10,10,سرامیکی,سرامیکی,سرامیکی,سرامیکی,سرامیکی,سرامیکی,6,6,6,6,6,6
مرصاد-دیاله,256,مشبک فلزی,LT,آویزی,25,10,10,10,سرامیکی,سرامیکی,سرامیکی,سرامیکی,سرامیکی,سرامیکی,6,6,6,6,6,6
مرصاد-دیاله,257,مشبک فلزی,LT,آویزی,25,10,10,10,سرامیکی,سرامیکی,سرامیکی,سرامیکی,سرامیکی,سرامیکی,6,6,6,6,6,6
مرصاد-دیاله,258,مشبک فلزی,LT,آویزی,25,10,10,10,سرامیکی,سرامیکی,سرامیکی,سرامیکی,سرامیکی,سرامیکی,6,6,6,6,6,6
