F'E .7	4E'1G /©D	3'.*'1 /©D	FH9 /©D	FH9 ~'ÌG	'1*A'9 ~'ÌG A	'1*A'9 ~'ÌG B	'1*A'9 ~'ÌG C	'1*A'9 ~'ÌG D	FH9 EB1G R E/'1 'HD	FH9 EB1G S E/'1 'HD	FH9 EB1G T E/'1 'HD	FH9 EB1G R E/'1 /HE	FH9 EB1G S E/'1 /HE	FH9 EB1G T E/'1 /HE	*9/'/ R E/'1 'HD	*9/'/ S E/'1 'HD	*9/'/ T E/'1 'HD	*9/'/ R E/'1 /HE	*9/'/ S E/'1 /HE	*9/'/ T E/'1 /HE	7HD ,:1'AÌ'ÌÌ	916 ,:1'AÌ'ÌÌ
'3D'E "('/-/'D'GH-31~D0G'(	T0	E4(© AD2Ì	NN	"HÌ2Ì	25	10	10	10	31'EÌ©Ì	31'EÌ©Ì	31'EÌ©Ì	31'EÌ©Ì	31'EÌ©Ì	31'EÌ©Ì	6	6	6	6	6	6	46.29756981	34.22548499
'3D'E "('/-/'D'GH-31~D0G'(	T0	E4(© AD2Ì	NN	"HÌ2Ì	25	10	10	10	31'EÌ©Ì	31'EÌ©Ì	31'EÌ©Ì	31'EÌ©Ì	31'EÌ©Ì	31'EÌ©Ì	6	6	6	6	6	6	46.29764787	34.22561943
'3D'E "('/-/'D'GH-31~D0G'(	Te1	E4(© AD2Ì	NN	"HÌ2Ì	25	10	10	10	31'EÌ©Ì	31'EÌ©Ì	31'EÌ©Ì	31'EÌ©Ì	31'EÌ©Ì	31'EÌ©Ì	6	6	6	6	6	6	46.58625643	34.10665848
'3D'E "('/-/'D'GH-31~D0G'(	T1	E4(© AD2Ì	NN	"HÌ2Ì	25	10	10	10	31'EÌ©Ì	31'EÌ©Ì	31'EÌ©Ì	31'EÌ©Ì	31'EÌ©Ì	31'EÌ©Ì	6	6	6	6	6	6	46.58621459	34.10674018
'3D'E "('/-/'D'GH-31~D0G'(	T2	E4(© AD2Ì	NN	"HÌ2Ì	25	10	10	10	31'EÌ©Ì	31'EÌ©Ì	31'EÌ©Ì	31'EÌ©Ì	31'EÌ©Ì	31'EÌ©Ì	6	6	6	6	6	6	46.58498234	34.10751356
'3D'E "('/-/'D'GH-31~D0G'(	S3	E4(© AD2Ì	NN	"HÌ2Ì	25	10	10	10	31'EÌ©Ì	31'EÌ©Ì	31'EÌ©Ì	31'EÌ©Ì	31'EÌ©Ì	31'EÌ©Ì	6	6	6	6	6	6	46.58418596	34.1095708
'3D'E "('/-/'D'GH-31~D0G'(	S4	E4(© AD2Ì	NN	"HÌ2Ì	25	10	10	10	31'EÌ©Ì	31'EÌ©Ì	31'EÌ©Ì	31'EÌ©Ì	31'EÌ©Ì	31'EÌ©Ì	6	6	6	6	6	6	46.58342105	34.11157353
'3D'E "('/-/'D'GH-31~D0G'(	S5	E4(© AD2Ì	NN	"HÌ2Ì	25	10	10	10	31'EÌ©Ì	31'EÌ©Ì	31'EÌ©Ì	31'EÌ©Ì	31'EÌ©Ì	31'EÌ©Ì	6	6	6	6	6	6	46.58251091	34.1139298
'3D'E "('/-/'D'GH-31~D0G'(	S6	E4(© AD2Ì	NN	"HÌ2Ì	25	10	10	10	31'EÌ©Ì	31'EÌ©Ì	31'EÌ©Ì	31'EÌ©Ì	31'EÌ©Ì	31'EÌ©Ì	6	6	6	6	6	6	46.5816319	34.11621353
'3D'E "('/-/'D'GH-31~D0G'(	T7	E4(© AD2Ì	NN	"HÌ2Ì	25	10	10	10	31'EÌ©Ì	31'EÌ©Ì	31'EÌ©Ì	31'EÌ©Ì	31'EÌ©Ì	31'EÌ©Ì	6	6	6	6	6	6	46.58069099	34.11866938
'3D'E "('/-/'D'GH-31~D0G'(	S8	E4(© AD2Ì	NN	"HÌ2Ì	25	10	10	10	31'EÌ©Ì	31'EÌ©Ì	31'EÌ©Ì	31'EÌ©Ì	31'EÌ©Ì	31'EÌ©Ì	6	6	6	6	6	6	46.5781935	34.12021644
'3D'E "('/-/'D'GH-31~D0G'(	S9	E4(© AD2Ì	NN	"HÌ2Ì	25	10	10	10	31'EÌ©Ì	31'EÌ©Ì	31'EÌ©Ì	31'EÌ©Ì	31'EÌ©Ì	31'EÌ©Ì	6	6	6	6	6	6	46.57578165	34.12170824
'3D'E "('/-/'D'GH-31~D0G'(	S10	E4(© AD2Ì	NN	"HÌ2Ì	25	10	10	10	31'EÌ©Ì	31'EÌ©Ì	31'EÌ©Ì	31'EÌ©Ì	31'EÌ©Ì	31'EÌ©Ì	6	6	6	6	6	6	46.57331634	34.12324578
'3D'E "('/-/'D'GH-31~D0G'(	S11	E4(© AD2Ì	NN	"HÌ2Ì	25	10	10	10	31'EÌ©Ì	31'EÌ©Ì	31'EÌ©Ì	31'EÌ©Ì	31'EÌ©Ì	31'EÌ©Ì	6	6	6	6	6	6	46.5708401	34.1247834
'3D'E "('/-/'D'GH-31~D0G'(	S12	E4(© AD2Ì	NN	"HÌ2Ì	25	10	10	10	31'EÌ©Ì	31'EÌ©Ì	31'EÌ©Ì	31'EÌ©Ì	31'EÌ©Ì	31'EÌ©Ì	6	6	6	6	6	6	46.56825652	34.12638547
'3D'E "('/-/'D'GH-31~D0G'(	S13	E4(© AD2Ì	NN	"HÌ2Ì	25	10	10	10	31'EÌ©Ì	31'EÌ©Ì	31'EÌ©Ì	31'EÌ©Ì	31'EÌ©Ì	31'EÌ©Ì	6	6	6	6	6	6	46.56566218	34.12799664
'3D'E "('/-/'D'GH-31~D0G'(	S14	E4(© AD2Ì	NN	"HÌ2Ì	25	10	10	10	31'EÌ©Ì	31'EÌ©Ì	31'EÌ©Ì	31'EÌ©Ì	31'EÌ©Ì	31'EÌ©Ì	6	6	6	6	6	6	46.56318566	34.12953411
'3D'E "('/-/'D'GH-31~D0G'(	S15	E4(© AD2Ì	NN	"HÌ2Ì	25	10	10	10	31'EÌ©Ì	31'EÌ©Ì	31'EÌ©Ì	31'EÌ©Ì	31'EÌ©Ì	31'EÌ©Ì	6	6	6	6	6	6	46.56069821	34.13107168
'3D'E "('/-/'D'GH-31~D0G'(	S16	E4(© AD2Ì	NN	"HÌ2Ì	25	10	10	10	31'EÌ©Ì	31'EÌ©Ì	31'EÌ©Ì	31'EÌ©Ì	31'EÌ©Ì	31'EÌ©Ì	6	6	6	6	6	6	46.55854327	34.13241561
'3D'E "('/-/'D'GH-31~D0G'(	S17	E4(© AD2Ì	NN	"HÌ2Ì	25	10	10	10	31'EÌ©Ì	31'EÌ©Ì	31'EÌ©Ì	31'EÌ©Ì	31'EÌ©Ì	31'EÌ©Ì	6	6	6	6	6	6	46.55598059	34.13399912
'3D'E "('/-/'D'GH-31~D0G'(	S18	E4(© AD2Ì	NN	"HÌ2Ì	25	10	10	10	31'EÌ©Ì	31'EÌ©Ì	31'EÌ©Ì	31'EÌ©Ì	31'EÌ©Ì	31'EÌ©Ì	6	6	6	6	6	6	46.55349303	34.13554556
'3D'E "('/-/'D'GH-31~D0G'(	S19	E4(© AD2Ì	NN	"HÌ2Ì	25	10	10	10	31'EÌ©Ì	31'EÌ©Ì	31'EÌ©Ì	31'EÌ©Ì	31'EÌ©Ì	31'EÌ©Ì	6	6	6	6	6	6	46.55150953	34.13678801
'3D'E "('/-/'D'GH-31~D0G'(	T20	E4(© AD2Ì	NN	"HÌ2Ì	25	10	10	10	31'EÌ©Ì	31'EÌ©Ì	31'EÌ©Ì	31'EÌ©Ì	31'EÌ©Ì	31'EÌ©Ì	6	6	6	6	6	6	46.54881779	34.13844515
'3D'E "('/-/'D'GH-31~D0G'(	S21	E4(© AD2Ì	NN	"HÌ2Ì	25	10	10	10	31'EÌ©Ì	31'EÌ©Ì	31'EÌ©Ì	31'EÌ©Ì	31'EÌ©Ì	31'EÌ©Ì	6	6	6	6	6	6	46.54680852	34.13947142
'3D'E "('/-/'D'GH-31~D0G'(	S22	E4(© AD2Ì	NN	"HÌ2Ì	25	10	10	10	31'EÌ©Ì	31'EÌ©Ì	31'EÌ©Ì	31'EÌ©Ì	31'EÌ©Ì	31'EÌ©Ì	6	6	6	6	6	6	46.5446382	34.14058987
'3D'E "('/-/'D'GH-31~D0G'(	S23	E4(© AD2Ì	NN	"HÌ2Ì	25	10	10	10	31'EÌ©Ì	31'EÌ©Ì	31'EÌ©Ì	31'EÌ©Ì	31'EÌ©Ì	31'EÌ©Ì	6	6	6	6	6	6	46.54187705	34.14202229
'3D'E "('/-/'D'GH-31~D0G'(	S24	E4(© AD2Ì	NN	"HÌ2Ì	25	10	10	10	31'EÌ©Ì	31'EÌ©Ì	31'EÌ©Ì	31'EÌ©Ì	31'EÌ©Ì	31'EÌ©Ì	6	6	6	6	6	6	46.54003946	34.14295613
'3D'E "('/-/'D'GH-31~D0G'(	S25	E4(© AD2Ì	NN	"HÌ2Ì	25	10	10	10	31'EÌ©Ì	31'EÌ©Ì	31'EÌ©Ì	31'EÌ©Ì	31'EÌ©Ì	31'EÌ©Ì	6	6	6	6	6	6	46.53814778	34.14389963
'3D'E "('/-/'D'GH-31~D0G'(	S26	E4(© AD2Ì	NN	"HÌ2Ì	25	10	10	10	31'EÌ©Ì	31'EÌ©Ì	31'EÌ©Ì	31'EÌ©Ì	31'EÌ©Ì	31'EÌ©Ì	6	6	6	6	6	6	46.5357408	34.14513812
'3D'E "('/-/'D'GH-31~D0G'(	T27	E4(© AD2Ì	NN	"HÌ2Ì	25	10	10	10	31'EÌ©Ì	31'EÌ©Ì	31'EÌ©Ì	31'EÌ©Ì	31'EÌ©Ì	31'EÌ©Ì	6	6	6	6	6	6	46.53347325	34.14629366
'3D'E "('/-/'D'GH-31~D0G'(	S28	E4(© AD2Ì	NN	"HÌ2Ì	25	10	10	10	31'EÌ©Ì	31'EÌ©Ì	31'EÌ©Ì	31'EÌ©Ì	31'EÌ©Ì	31'EÌ©Ì	6	6	6	6	6	6	46.53264008	34.14760258
'3D'E "('/-/'D'GH-31~D0G'(	T29	E4(© AD2Ì	NN	"HÌ2Ì	25	10	10	10	31'EÌ©Ì	31'EÌ©Ì	31'EÌ©Ì	31'EÌ©Ì	31'EÌ©Ì	31'EÌ©Ì	6	6	6	6	6	6	46.53196546	34.14868409
'3D'E "('/-/'D'GH-31~D0G'(	S30	E4(© AD2Ì	NN	"HÌ2Ì	25	10	10	10	31'EÌ©Ì	31'EÌ©Ì	31'EÌ©Ì	31'EÌ©Ì	31'EÌ©Ì	31'EÌ©Ì	6	6	6	6	6	6	46.53030865	34.1506345
'3D'E "('/-/'D'GH-31~D0G'(	T31	E4(© AD2Ì	NN	"HÌ2Ì	25	10	10	10	31'EÌ©Ì	31'EÌ©Ì	31'EÌ©Ì	31'EÌ©Ì	31'EÌ©Ì	31'EÌ©Ì	6	6	6	6	6	6	46.52960742	34.1514458
'3D'E "('/-/'D'GH-31~D0G'(	T32	E4(© AD2Ì	NN	"HÌ2Ì	25	10	10	10	31'EÌ©Ì	31'EÌ©Ì	31'EÌ©Ì	31'EÌ©Ì	31'EÌ©Ì	31'EÌ©Ì	6	6	6	6	6	6	46.52710845	34.15181057
'3D'E "('/-/'D'GH-31~D0G'(	S33	E4(© AD2Ì	NN	"HÌ2Ì	25	10	10	10	31'EÌ©Ì	31'EÌ©Ì	31'EÌ©Ì	31'EÌ©Ì	31'EÌ©Ì	31'EÌ©Ì	6	6	6	6	6	6	46.5247878	34.15123525
'3D'E "('/-/'D'GH-31~D0G'(	S34	E4(© AD2Ì	NN	"HÌ2Ì	25	10	10	10	31'EÌ©Ì	31'EÌ©Ì	31'EÌ©Ì	31'EÌ©Ì	31'EÌ©Ì	31'EÌ©Ì	6	6	6	6	6	6	46.52227117	34.15061722
'3D'E "('/-/'D'GH-31~D0G'(	T35	E4(© AD2Ì	NN	"HÌ2Ì	25	10	10	10	31'EÌ©Ì	31'EÌ©Ì	31'EÌ©Ì	31'EÌ©Ì	31'EÌ©Ì	31'EÌ©Ì	6	6	6	6	6	6	46.51932942	34.14987817
'3D'E "('/-/'D'GH-31~D0G'(	S36	E4(© AD2Ì	NN	"HÌ2Ì	25	10	10	10	31'EÌ©Ì	31'EÌ©Ì	31'EÌ©Ì	31'EÌ©Ì	31'EÌ©Ì	31'EÌ©Ì	6	6	6	6	6	6	46.5178556	34.1475248
'3D'E "('/-/'D'GH-31~D0G'(	S37	E4(© AD2Ì	NN	"HÌ2Ì	25	10	10	10	31'EÌ©Ì	31'EÌ©Ì	31'EÌ©Ì	31'EÌ©Ì	31'EÌ©Ì	31'EÌ©Ì	6	6	6	6	6	6	46.51656084	34.14547579
'3D'E "('/-/'D'GH-31~D0G'(	S38	E4(© AD2Ì	NN	"HÌ2Ì	25	10	10	10	31'EÌ©Ì	31'EÌ©Ì	31'EÌ©Ì	31'EÌ©Ì	31'EÌ©Ì	31'EÌ©Ì	6	6	6	6	6	6	46.51541097	34.14364139
'3D'E "('/-/'D'GH-31~D0G'(	S39	E4(© AD2Ì	NN	"HÌ2Ì	25	10	10	10	31'EÌ©Ì	31'EÌ©Ì	31'EÌ©Ì	31'EÌ©Ì	31'EÌ©Ì	31'EÌ©Ì	6	6	6	6	6	6	46.51430597	34.1418876
'3D'E "('/-/'D'GH-31~D0G'(	S40	E4(© AD2Ì	NN	"HÌ2Ì	25	10	10	10	31'EÌ©Ì	31'EÌ©Ì	31'EÌ©Ì	31'EÌ©Ì	31'EÌ©Ì	31'EÌ©Ì	6	6	6	6	6	6	46.51291026	34.1396414
'3D'E "('/-/'D'GH-31~D0G'(	S41	E4(© AD2Ì	NN	"HÌ2Ì	25	10	10	10	31'EÌ©Ì	31'EÌ©Ì	31'EÌ©Ì	31'EÌ©Ì	31'EÌ©Ì	31'EÌ©Ì	6	6	6	6	6	6	46.51150363	34.13738631
'3D'E "('/-/'D'GH-31~D0G'(	S42	E4(© AD2Ì	NN	"HÌ2Ì	25	10	10	10	31'EÌ©Ì	31'EÌ©Ì	31'EÌ©Ì	31'EÌ©Ì	31'EÌ©Ì	31'EÌ©Ì	6	6	6	6	6	6	46.51008544	34.13508625
'3D'E "('/-/'D'GH-31~D0G'(	T43	E4(© AD2Ì	NN	"HÌ2Ì	25	10	10	10	31'EÌ©Ì	31'EÌ©Ì	31'EÌ©Ì	31'EÌ©Ì	31'EÌ©Ì	31'EÌ©Ì	6	6	6	6	6	6	46.50868996	34.13284
'3D'E "('/-/'D'GH-31~D0G'(	S44	E4(© AD2Ì	NN	"HÌ2Ì	25	10	10	10	31'EÌ©Ì	31'EÌ©Ì	31'EÌ©Ì	31'EÌ©Ì	31'EÌ©Ì	31'EÌ©Ì	6	6	6	6	6	6	46.50594673	34.13102508
'3D'E "('/-/'D'GH-31~D0G'(	S45	E4(© AD2Ì	NN	"HÌ2Ì	25	10	10	10	31'EÌ©Ì	31'EÌ©Ì	31'EÌ©Ì	31'EÌ©Ì	31'EÌ©Ì	31'EÌ©Ì	6	6	6	6	6	6	46.50268801	34.12887374
'3D'E "('/-/'D'GH-31~D0G'(	S46	E4(© AD2Ì	NN	"HÌ2Ì	25	10	10	10	31'EÌ©Ì	31'EÌ©Ì	31'EÌ©Ì	31'EÌ©Ì	31'EÌ©Ì	31'EÌ©Ì	6	6	6	6	6	6	46.50026006	34.1277041
'3D'E "('/-/'D'GH-31~D0G'(	T47	E4(© AD2Ì	NN	"HÌ2Ì	25	10	10	10	31'EÌ©Ì	31'EÌ©Ì	31'EÌ©Ì	31'EÌ©Ì	31'EÌ©Ì	31'EÌ©Ì	6	6	6	6	6	6	46.49756976	34.12641136
'3D'E "('/-/'D'GH-31~D0G'(	S48	E4(© AD2Ì	NN	"HÌ2Ì	25	10	10	10	31'EÌ©Ì	31'EÌ©Ì	31'EÌ©Ì	31'EÌ©Ì	31'EÌ©Ì	31'EÌ©Ì	6	6	6	6	6	6	46.49489336	34.12775153
'3D'E "('/-/'D'GH-31~D0G'(	S49	E4(© AD2Ì	NN	"HÌ2Ì	25	10	10	10	31'EÌ©Ì	31'EÌ©Ì	31'EÌ©Ì	31'EÌ©Ì	31'EÌ©Ì	31'EÌ©Ì	6	6	6	6	6	6	46.49196975	34.12922089
'3D'E "('/-/'D'GH-31~D0G'(	S50	E4(© AD2Ì	NN	"HÌ2Ì	25	10	10	10	31'EÌ©Ì	31'EÌ©Ì	31'EÌ©Ì	31'EÌ©Ì	31'EÌ©Ì	31'EÌ©Ì	6	6	6	6	6	6	46.48900298	34.13070874
'3D'E "('/-/'D'GH-31~D0G'(	S51	E4(© AD2Ì	NN	"HÌ2Ì	25	10	10	10	31'EÌ©Ì	31'EÌ©Ì	31'EÌ©Ì	31'EÌ©Ì	31'EÌ©Ì	31'EÌ©Ì	6	6	6	6	6	6	46.48620847	34.13213131
'3D'E "('/-/'D'GH-31~D0G'(	S52	E4(© AD2Ì	NN	"HÌ2Ì	25	10	10	10	31'EÌ©Ì	31'EÌ©Ì	31'EÌ©Ì	31'EÌ©Ì	31'EÌ©Ì	31'EÌ©Ì	6	6	6	6	6	6	46.48338102	34.13353618
'3D'E "('/-/'D'GH-31~D0G'(	S53	E4(© AD2Ì	NN	"HÌ2Ì	25	10	10	10	31'EÌ©Ì	31'EÌ©Ì	31'EÌ©Ì	31'EÌ©Ì	31'EÌ©Ì	31'EÌ©Ì	6	6	6	6	6	6	46.48097318	34.13475557
'3D'E "('/-/'D'GH-31~D0G'(	S54	E4(© AD2Ì	NN	"HÌ2Ì	25	10	10	10	31'EÌ©Ì	31'EÌ©Ì	31'EÌ©Ì	31'EÌ©Ì	31'EÌ©Ì	31'EÌ©Ì	6	6	6	6	6	6	46.4777051	34.13640009
'3D'E "('/-/'D'GH-31~D0G'(	S55	E4(© AD2Ì	NN	"HÌ2Ì	25	10	10	10	31'EÌ©Ì	31'EÌ©Ì	31'EÌ©Ì	31'EÌ©Ì	31'EÌ©Ì	31'EÌ©Ì	6	6	6	6	6	6	46.47515708	34.13767516
'3D'E "('/-/'D'GH-31~D0G'(	S56	E4(© AD2Ì	NN	"HÌ2Ì	25	10	10	10	31'EÌ©Ì	31'EÌ©Ì	31'EÌ©Ì	31'EÌ©Ì	31'EÌ©Ì	31'EÌ©Ì	6	6	6	6	6	6	46.47224361	34.13914393
'3D'E "('/-/'D'GH-31~D0G'(	S57	E4(© AD2Ì	NN	"HÌ2Ì	25	10	10	10	31'EÌ©Ì	31'EÌ©Ì	31'EÌ©Ì	31'EÌ©Ì	31'EÌ©Ì	31'EÌ©Ì	6	6	6	6	6	6	46.46926545	34.14064047
'3D'E "('/-/'D'GH-31~D0G'(	S58	E4(© AD2Ì	NN	"HÌ2Ì	25	10	10	10	31'EÌ©Ì	31'EÌ©Ì	31'EÌ©Ì	31'EÌ©Ì	31'EÌ©Ì	31'EÌ©Ì	6	6	6	6	6	6	46.46629818	34.14214582
'3D'E "('/-/'D'GH-31~D0G'(	S59	E4(© AD2Ì	NN	"HÌ2Ì	25	10	10	10	31'EÌ©Ì	31'EÌ©Ì	31'EÌ©Ì	31'EÌ©Ì	31'EÌ©Ì	31'EÌ©Ì	6	6	6	6	6	6	46.46330897	34.14364234
'3D'E "('/-/'D'GH-31~D0G'(	S60	E4(© AD2Ì	NN	"HÌ2Ì	25	10	10	10	31'EÌ©Ì	31'EÌ©Ì	31'EÌ©Ì	31'EÌ©Ì	31'EÌ©Ì	31'EÌ©Ì	6	6	6	6	6	6	46.4604273	34.14509243
'3D'E "('/-/'D'GH-31~D0G'(	S61	E4(© AD2Ì	NN	"HÌ2Ì	25	10	10	10	31'EÌ©Ì	31'EÌ©Ì	31'EÌ©Ì	31'EÌ©Ì	31'EÌ©Ì	31'EÌ©Ì	6	6	6	6	6	6	46.45758845	34.14651488
'3D'E "('/-/'D'GH-31~D0G'(	S62	E4(© AD2Ì	NN	"HÌ2Ì	25	10	10	10	31'EÌ©Ì	31'EÌ©Ì	31'EÌ©Ì	31'EÌ©Ì	31'EÌ©Ì	31'EÌ©Ì	6	6	6	6	6	6	46.45457754	34.14802949
'3D'E "('/-/'D'GH-31~D0G'(	S63	E4(© AD2Ì	NN	"HÌ2Ì	25	10	10	10	31'EÌ©Ì	31'EÌ©Ì	31'EÌ©Ì	31'EÌ©Ì	31'EÌ©Ì	31'EÌ©Ì	6	6	6	6	6	6	46.4519859	34.14933166
'3D'E "('/-/'D'GH-31~D0G'(	S64	E4(© AD2Ì	NN	"HÌ2Ì	25	10	10	10	31'EÌ©Ì	31'EÌ©Ì	31'EÌ©Ì	31'EÌ©Ì	31'EÌ©Ì	31'EÌ©Ì	6	6	6	6	6	6	46.44959852	34.15053217
'3D'E "('/-/'D'GH-31~D0G'(	S65	E4(© AD2Ì	NN	"HÌ2Ì	25	10	10	10	31'EÌ©Ì	31'EÌ©Ì	31'EÌ©Ì	31'EÌ©Ì	31'EÌ©Ì	31'EÌ©Ì	6	6	6	6	6	6	46.44752111	34.15146747
'3D'E "('/-/'D'GH-31~D0G'(	T66	E4(© AD2Ì	NN	"HÌ2Ì	25	10	10	10	31'EÌ©Ì	31'EÌ©Ì	31'EÌ©Ì	31'EÌ©Ì	31'EÌ©Ì	31'EÌ©Ì	6	6	6	6	6	6	46.44562677	34.15232844
'3D'E "('/-/'D'GH-31~D0G'(	T67	E4(© AD2Ì	NN	"HÌ2Ì	25	10	10	10	31'EÌ©Ì	31'EÌ©Ì	31'EÌ©Ì	31'EÌ©Ì	31'EÌ©Ì	31'EÌ©Ì	6	6	6	6	6	6	46.4418809	34.15402273
'3D'E "('/-/'D'GH-31~D0G'(	S68	E4(© AD2Ì	NN	"HÌ2Ì	25	10	10	10	31'EÌ©Ì	31'EÌ©Ì	31'EÌ©Ì	31'EÌ©Ì	31'EÌ©Ì	31'EÌ©Ì	6	6	6	6	6	6	46.44057833	34.15460613
'3D'E "('/-/'D'GH-31~D0G'(	S69	E4(© AD2Ì	NN	"HÌ2Ì	25	10	10	10	31'EÌ©Ì	31'EÌ©Ì	31'EÌ©Ì	31'EÌ©Ì	31'EÌ©Ì	31'EÌ©Ì	6	6	6	6	6	6	46.43730577	34.1560783
'3D'E "('/-/'D'GH-31~D0G'(	S70	E4(© AD2Ì	NN	"HÌ2Ì	25	10	10	10	31'EÌ©Ì	31'EÌ©Ì	31'EÌ©Ì	31'EÌ©Ì	31'EÌ©Ì	31'EÌ©Ì	6	6	6	6	6	6	46.43552946	34.15687461
'3D'E "('/-/'D'GH-31~D0G'(	S71	E4(© AD2Ì	NN	"HÌ2Ì	25	10	10	10	31'EÌ©Ì	31'EÌ©Ì	31'EÌ©Ì	31'EÌ©Ì	31'EÌ©Ì	31'EÌ©Ì	6	6	6	6	6	6	46.43301042	34.15801322
'3D'E "('/-/'D'GH-31~D0G'(	T72	E4(© AD2Ì	NN	"HÌ2Ì	25	10	10	10	31'EÌ©Ì	31'EÌ©Ì	31'EÌ©Ì	31'EÌ©Ì	31'EÌ©Ì	31'EÌ©Ì	6	6	6	6	6	6	46.43109409	34.15887422
'3D'E "('/-/'D'GH-31~D0G'(	T73	E4(© AD2Ì	NN	"HÌ2Ì	25	10	10	10	31'EÌ©Ì	31'EÌ©Ì	31'EÌ©Ì	31'EÌ©Ì	31'EÌ©Ì	31'EÌ©Ì	6	6	6	6	6	6	46.42624941	34.16105878
'3D'E "('/-/'D'GH-31~D0G'(	S74	E4(© AD2Ì	NN	"HÌ2Ì	25	10	10	10	31'EÌ©Ì	31'EÌ©Ì	31'EÌ©Ì	31'EÌ©Ì	31'EÌ©Ì	31'EÌ©Ì	6	6	6	6	6	6	46.42422297	34.16183078
'3D'E "('/-/'D'GH-31~D0G'(	S75	E4(© AD2Ì	NN	"HÌ2Ì	25	10	10	10	31'EÌ©Ì	31'EÌ©Ì	31'EÌ©Ì	31'EÌ©Ì	31'EÌ©Ì	31'EÌ©Ì	6	6	6	6	6	6	46.42104307	34.16303994
'3D'E "('/-/'D'GH-31~D0G'(	S76	E4(© AD2Ì	NN	"HÌ2Ì	25	10	10	10	31'EÌ©Ì	31'EÌ©Ì	31'EÌ©Ì	31'EÌ©Ì	31'EÌ©Ì	31'EÌ©Ì	6	6	6	6	6	6	46.41909231	34.16380196
'3D'E "('/-/'D'GH-31~D0G'(	T77	E4(© AD2Ì	NN	"HÌ2Ì	25	10	10	10	31'EÌ©Ì	31'EÌ©Ì	31'EÌ©Ì	31'EÌ©Ì	31'EÌ©Ì	31'EÌ©Ì	6	6	6	6	6	6	46.41696887	34.16462005
'3D'E "('/-/'D'GH-31~D0G'(	T78	E4(© AD2Ì	NN	"HÌ2Ì	25	10	10	10	31'EÌ©Ì	31'EÌ©Ì	31'EÌ©Ì	31'EÌ©Ì	31'EÌ©Ì	31'EÌ©Ì	6	6	6	6	6	6	46.41220425	34.16644244
'3D'E "('/-/'D'GH-31~D0G'(	S79	E4(© AD2Ì	NN	"HÌ2Ì	25	10	10	10	31'EÌ©Ì	31'EÌ©Ì	31'EÌ©Ì	31'EÌ©Ì	31'EÌ©Ì	31'EÌ©Ì	6	6	6	6	6	6	46.41003759	34.16727894
'3D'E "('/-/'D'GH-31~D0G'(	S80	E4(© AD2Ì	NN	"HÌ2Ì	25	10	10	10	31'EÌ©Ì	31'EÌ©Ì	31'EÌ©Ì	31'EÌ©Ì	31'EÌ©Ì	31'EÌ©Ì	6	6	6	6	6	6	46.40739647	34.16829219
'3D'E "('/-/'D'GH-31~D0G'(	S81	E4(© AD2Ì	NN	"HÌ2Ì	25	10	10	10	31'EÌ©Ì	31'EÌ©Ì	31'EÌ©Ì	31'EÌ©Ì	31'EÌ©Ì	31'EÌ©Ì	6	6	6	6	6	6	46.40503552	34.16919395
'3D'E "('/-/'D'GH-31~D0G'(	S82	E4(© AD2Ì	NN	"HÌ2Ì	25	10	10	10	31'EÌ©Ì	31'EÌ©Ì	31'EÌ©Ì	31'EÌ©Ì	31'EÌ©Ì	31'EÌ©Ì	6	6	6	6	6	6	46.40278239	34.17005838
'3D'E "('/-/'D'GH-31~D0G'(	S83	E4(© AD2Ì	NN	"HÌ2Ì	25	10	10	10	31'EÌ©Ì	31'EÌ©Ì	31'EÌ©Ì	31'EÌ©Ì	31'EÌ©Ì	31'EÌ©Ì	6	6	6	6	6	6	46.40014124	34.17108048
'3D'E "('/-/'D'GH-31~D0G'(	S84	E4(© AD2Ì	NN	"HÌ2Ì	25	10	10	10	31'EÌ©Ì	31'EÌ©Ì	31'EÌ©Ì	31'EÌ©Ì	31'EÌ©Ì	31'EÌ©Ì	6	6	6	6	6	6	46.39762931	34.17204696
'3D'E "('/-/'D'GH-31~D0G'(	S85	E4(© AD2Ì	NN	"HÌ2Ì	25	10	10	10	31'EÌ©Ì	31'EÌ©Ì	31'EÌ©Ì	31'EÌ©Ì	31'EÌ©Ì	31'EÌ©Ì	6	6	6	6	6	6	46.39588258	34.1727071
'3D'E "('/-/'D'GH-31~D0G'(	S86	E4(© AD2Ì	NN	"HÌ2Ì	25	10	10	10	31'EÌ©Ì	31'EÌ©Ì	31'EÌ©Ì	31'EÌ©Ì	31'EÌ©Ì	31'EÌ©Ì	6	6	6	6	6	6	46.3930472	34.17380341
'3D'E "('/-/'D'GH-31~D0G'(	S87	E4(© AD2Ì	NN	"HÌ2Ì	25	10	10	10	31'EÌ©Ì	31'EÌ©Ì	31'EÌ©Ì	31'EÌ©Ì	31'EÌ©Ì	31'EÌ©Ì	6	6	6	6	6	6	46.3901254	34.17492768
'3D'E "('/-/'D'GH-31~D0G'(	S88	E4(© AD2Ì	NN	"HÌ2Ì	25	10	10	10	31'EÌ©Ì	31'EÌ©Ì	31'EÌ©Ì	31'EÌ©Ì	31'EÌ©Ì	31'EÌ©Ì	6	6	6	6	6	6	46.38702014	34.17611709
'3D'E "('/-/'D'GH-31~D0G'(	S89	E4(© AD2Ì	NN	"HÌ2Ì	25	10	10	10	31'EÌ©Ì	31'EÌ©Ì	31'EÌ©Ì	31'EÌ©Ì	31'EÌ©Ì	31'EÌ©Ì	6	6	6	6	6	6	46.38409833	34.17725024
'3D'E "('/-/'D'GH-31~D0G'(	S90	E4(© AD2Ì	NN	"HÌ2Ì	25	10	10	10	31'EÌ©Ì	31'EÌ©Ì	31'EÌ©Ì	31'EÌ©Ì	31'EÌ©Ì	31'EÌ©Ì	6	6	6	6	6	6	46.38168306	34.17817923
'3D'E "('/-/'D'GH-31~D0G'(	T91	E4(© AD2Ì	NN	"HÌ2Ì	25	10	10	10	31'EÌ©Ì	31'EÌ©Ì	31'EÌ©Ì	31'EÌ©Ì	31'EÌ©Ì	31'EÌ©Ì	6	6	6	6	6	6	46.3789549	34.1792199
'3D'E "('/-/'D'GH-31~D0G'(	S92	E4(© AD2Ì	NN	"HÌ2Ì	25	10	10	10	31'EÌ©Ì	31'EÌ©Ì	31'EÌ©Ì	31'EÌ©Ì	31'EÌ©Ì	31'EÌ©Ì	6	6	6	6	6	6	46.37689884	34.18022592
'3D'E "('/-/'D'GH-31~D0G'(	S93	E4(© AD2Ì	NN	"HÌ2Ì	25	10	10	10	31'EÌ©Ì	31'EÌ©Ì	31'EÌ©Ì	31'EÌ©Ì	31'EÌ©Ì	31'EÌ©Ì	6	6	6	6	6	6	46.37411087	34.18160081
'3D'E "('/-/'D'GH-31~D0G'(	S94	E4(© AD2Ì	NN	"HÌ2Ì	25	10	10	10	31'EÌ©Ì	31'EÌ©Ì	31'EÌ©Ì	31'EÌ©Ì	31'EÌ©Ì	31'EÌ©Ì	6	6	6	6	6	6	46.37193653	34.18268022
'3D'E "('/-/'D'GH-31~D0G'(	T95	E4(© AD2Ì	NN	"HÌ2Ì	25	10	10	10	31'EÌ©Ì	31'EÌ©Ì	31'EÌ©Ì	31'EÌ©Ì	31'EÌ©Ì	31'EÌ©Ì	6	6	6	6	6	6	46.36792078	34.18463681
'3D'E "('/-/'D'GH-31~D0G'(	S96	E4(© AD2Ì	NN	"HÌ2Ì	25	10	10	10	31'EÌ©Ì	31'EÌ©Ì	31'EÌ©Ì	31'EÌ©Ì	31'EÌ©Ì	31'EÌ©Ì	6	6	6	6	6	6	46.36488502	34.1861405
'3D'E "('/-/'D'GH-31~D0G'(	T97	E4(© AD2Ì	NN	"HÌ2Ì	25	10	10	10	31'EÌ©Ì	31'EÌ©Ì	31'EÌ©Ì	31'EÌ©Ì	31'EÌ©Ì	31'EÌ©Ì	6	6	6	6	6	6	46.36379766	34.18667562
'3D'E "('/-/'D'GH-31~D0G'(	T98	E4(© AD2Ì	NN	"HÌ2Ì	25	10	10	10	31'EÌ©Ì	31'EÌ©Ì	31'EÌ©Ì	31'EÌ©Ì	31'EÌ©Ì	31'EÌ©Ì	6	6	6	6	6	6	46.35962067	34.18875097
'3D'E "('/-/'D'GH-31~D0G'(	S99	E4(© AD2Ì	NN	"HÌ2Ì	25	10	10	10	31'EÌ©Ì	31'EÌ©Ì	31'EÌ©Ì	31'EÌ©Ì	31'EÌ©Ì	31'EÌ©Ì	6	6	6	6	6	6	46.35717658	34.18995033
'3D'E "('/-/'D'GH-31~D0G'(	S100	E4(© AD2Ì	NN	"HÌ2Ì	25	10	10	10	31'EÌ©Ì	31'EÌ©Ì	31'EÌ©Ì	31'EÌ©Ì	31'EÌ©Ì	31'EÌ©Ì	6	6	6	6	6	6	46.35423736	34.19140761
'3D'E "('/-/'D'GH-31~D0G'(	S101	E4(© AD2Ì	NN	"HÌ2Ì	25	10	10	10	31'EÌ©Ì	31'EÌ©Ì	31'EÌ©Ì	31'EÌ©Ì	31'EÌ©Ì	31'EÌ©Ì	6	6	6	6	6	6	46.35152387	34.19273609
'3D'E "('/-/'D'GH-31~D0G'(	S102	E4(© AD2Ì	NN	"HÌ2Ì	25	10	10	10	31'EÌ©Ì	31'EÌ©Ì	31'EÌ©Ì	31'EÌ©Ì	31'EÌ©Ì	31'EÌ©Ì	6	6	6	6	6	6	46.34873521	34.19411944
'3D'E "('/-/'D'GH-31~D0G'(	S103	E4(© AD2Ì	NN	"HÌ2Ì	25	10	10	10	31'EÌ©Ì	31'EÌ©Ì	31'EÌ©Ì	31'EÌ©Ì	31'EÌ©Ì	31'EÌ©Ì	6	6	6	6	6	6	46.34649568	34.19523518
'3D'E "('/-/'D'GH-31~D0G'(	S104	E4(© AD2Ì	NN	"HÌ2Ì	25	10	10	10	31'EÌ©Ì	31'EÌ©Ì	31'EÌ©Ì	31'EÌ©Ì	31'EÌ©Ì	31'EÌ©Ì	6	6	6	6	6	6	46.34384677	34.19654475
'3D'E "('/-/'D'GH-31~D0G'(	S105	E4(© AD2Ì	NN	"HÌ2Ì	25	10	10	10	31'EÌ©Ì	31'EÌ©Ì	31'EÌ©Ì	31'EÌ©Ì	31'EÌ©Ì	31'EÌ©Ì	6	6	6	6	6	6	46.34194062	34.1974764
'3D'E "('/-/'D'GH-31~D0G'(	S106	E4(© AD2Ì	NN	"HÌ2Ì	25	10	10	10	31'EÌ©Ì	31'EÌ©Ì	31'EÌ©Ì	31'EÌ©Ì	31'EÌ©Ì	31'EÌ©Ì	6	6	6	6	6	6	46.34009926	34.19838929
'3D'E "('/-/'D'GH-31~D0G'(	T107	E4(© AD2Ì	NN	"HÌ2Ì	25	10	10	10	31'EÌ©Ì	31'EÌ©Ì	31'EÌ©Ì	31'EÌ©Ì	31'EÌ©Ì	31'EÌ©Ì	6	6	6	6	6	6	46.33760092	34.19962493
'3D'E "('/-/'D'GH-31~D0G'(	S108	E4(© AD2Ì	NN	"HÌ2Ì	25	10	10	10	31'EÌ©Ì	31'EÌ©Ì	31'EÌ©Ì	31'EÌ©Ì	31'EÌ©Ì	31'EÌ©Ì	6	6	6	6	6	6	46.33579457	34.20069969
'3D'E "('/-/'D'GH-31~D0G'(	T109	E4(© AD2Ì	NN	"HÌ2Ì	25	10	10	10	31'EÌ©Ì	31'EÌ©Ì	31'EÌ©Ì	31'EÌ©Ì	31'EÌ©Ì	31'EÌ©Ì	6	6	6	6	6	6	46.33403101	34.20173788
'3D'E "('/-/'D'GH-31~D0G'(	S110	E4(© AD2Ì	NN	"HÌ2Ì	25	10	10	10	31'EÌ©Ì	31'EÌ©Ì	31'EÌ©Ì	31'EÌ©Ì	31'EÌ©Ì	31'EÌ©Ì	6	6	6	6	6	6	46.33231224	34.20286574
'3D'E "('/-/'D'GH-31~D0G'(	S111	E4(© AD2Ì	NN	"HÌ2Ì	25	10	10	10	31'EÌ©Ì	31'EÌ©Ì	31'EÌ©Ì	31'EÌ©Ì	31'EÌ©Ì	31'EÌ©Ì	6	6	6	6	6	6	46.32985201	34.20447054
'3D'E "('/-/'D'GH-31~D0G'(	S112	E4(© AD2Ì	NN	"HÌ2Ì	25	10	10	10	31'EÌ©Ì	31'EÌ©Ì	31'EÌ©Ì	31'EÌ©Ì	31'EÌ©Ì	31'EÌ©Ì	6	6	6	6	6	6	46.32738112	34.20609345
'3D'E "('/-/'D'GH-31~D0G'(	S113	E4(© AD2Ì	NN	"HÌ2Ì	25	10	10	10	31'EÌ©Ì	31'EÌ©Ì	31'EÌ©Ì	31'EÌ©Ì	31'EÌ©Ì	31'EÌ©Ì	6	6	6	6	6	6	46.32481318	34.20776244
'3D'E "('/-/'D'GH-31~D0G'(	S114	E4(© AD2Ì	NN	"HÌ2Ì	25	10	10	10	31'EÌ©Ì	31'EÌ©Ì	31'EÌ©Ì	31'EÌ©Ì	31'EÌ©Ì	31'EÌ©Ì	6	6	6	6	6	6	46.32232053	34.20939449
'3D'E "('/-/'D'GH-31~D0G'(	S115	E4(© AD2Ì	NN	"HÌ2Ì	25	10	10	10	31'EÌ©Ì	31'EÌ©Ì	31'EÌ©Ì	31'EÌ©Ì	31'EÌ©Ì	31'EÌ©Ì	6	6	6	6	6	6	46.31992448	34.21096233
'3D'E "('/-/'D'GH-31~D0G'(	S116	E4(© AD2Ì	NN	"HÌ2Ì	25	10	10	10	31'EÌ©Ì	31'EÌ©Ì	31'EÌ©Ì	31'EÌ©Ì	31'EÌ©Ì	31'EÌ©Ì	6	6	6	6	6	6	46.31739936	34.21261267
'3D'E "('/-/'D'GH-31~D0G'(	S117	E4(© AD2Ì	NN	"HÌ2Ì	25	10	10	10	31'EÌ©Ì	31'EÌ©Ì	31'EÌ©Ì	31'EÌ©Ì	31'EÌ©Ì	31'EÌ©Ì	6	6	6	6	6	6	46.31497085	34.2141988
'3D'E "('/-/'D'GH-31~D0G'(	S118	E4(© AD2Ì	NN	"HÌ2Ì	25	10	10	10	31'EÌ©Ì	31'EÌ©Ì	31'EÌ©Ì	31'EÌ©Ì	31'EÌ©Ì	31'EÌ©Ì	6	6	6	6	6	6	46.31243482	34.21585818
'3D'E "('/-/'D'GH-31~D0G'(	S119	E4(© AD2Ì	NN	"HÌ2Ì	25	10	10	10	31'EÌ©Ì	31'EÌ©Ì	31'EÌ©Ì	31'EÌ©Ì	31'EÌ©Ì	31'EÌ©Ì	6	6	6	6	6	6	46.30972672	34.21762755
'3D'E "('/-/'D'GH-31~D0G'(	S120	E4(© AD2Ì	NN	"HÌ2Ì	25	10	10	10	31'EÌ©Ì	31'EÌ©Ì	31'EÌ©Ì	31'EÌ©Ì	31'EÌ©Ì	31'EÌ©Ì	6	6	6	6	6	6	46.30711521	34.21933272
'3D'E "('/-/'D'GH-31~D0G'(	S121	E4(© AD2Ì	NN	"HÌ2Ì	25	10	10	10	31'EÌ©Ì	31'EÌ©Ì	31'EÌ©Ì	31'EÌ©Ì	31'EÌ©Ì	31'EÌ©Ì	6	6	6	6	6	6	46.30453574	34.22101043
'3D'E "('/-/'D'GH-31~D0G'(	S122	E4(© AD2Ì	NN	"HÌ2Ì	25	10	10	10	31'EÌ©Ì	31'EÌ©Ì	31'EÌ©Ì	31'EÌ©Ì	31'EÌ©Ì	31'EÌ©Ì	6	6	6	6	6	6	46.30183816	34.22277952
'3D'E "('/-/'D'GH-31~D0G'(	S123	E4(© AD2Ì	NN	"HÌ2Ì	25	10	10	10	31'EÌ©Ì	31'EÌ©Ì	31'EÌ©Ì	31'EÌ©Ì	31'EÌ©Ì	31'EÌ©Ì	6	6	6	6	6	6	46.29920489	34.22450278
'3D'E "('/-/'D'GH-31~D0G'(	S124	E4(© AD2Ì	NN	"HÌ2Ì	25	10	10	10	31'EÌ©Ì	31'EÌ©Ì	31'EÌ©Ì	31'EÌ©Ì	31'EÌ©Ì	31'EÌ©Ì	6	6	6	6	6	6	46.29668968	34.22614358
'3D'E "('/-/'D'GH-31~D0G'(	S125	E4(© AD2Ì	NN	"HÌ2Ì	25	10	10	10	31'EÌ©Ì	31'EÌ©Ì	31'EÌ©Ì	31'EÌ©Ì	31'EÌ©Ì	31'EÌ©Ì	6	6	6	6	6	6	46.29422823	34.22775671
'3D'E "('/-/'D'GH-31~D0G'(	S126	E4(© AD2Ì	NN	"HÌ2Ì	25	10	10	10	31'EÌ©Ì	31'EÌ©Ì	31'EÌ©Ì	31'EÌ©Ì	31'EÌ©Ì	31'EÌ©Ì	6	6	6	6	6	6	46.29175584	34.2293699
'3D'E "('/-/'D'GH-31~D0G'(	S127	E4(© AD2Ì	NN	"HÌ2Ì	25	10	10	10	31'EÌ©Ì	31'EÌ©Ì	31'EÌ©Ì	31'EÌ©Ì	31'EÌ©Ì	31'EÌ©Ì	6	6	6	6	6	6	46.28933707	34.23094641
'3D'E "('/-/'D'GH-31~D0G'(	S128	E4(© AD2Ì	NN	"HÌ2Ì	25	10	10	10	31'EÌ©Ì	31'EÌ©Ì	31'EÌ©Ì	31'EÌ©Ì	31'EÌ©Ì	31'EÌ©Ì	6	6	6	6	6	6	46.28681103	34.23261418
'3D'E "('/-/'D'GH-31~D0G'(	S129	E4(© AD2Ì	NN	"HÌ2Ì	25	10	10	10	31'EÌ©Ì	31'EÌ©Ì	31'EÌ©Ì	31'EÌ©Ì	31'EÌ©Ì	31'EÌ©Ì	6	6	6	6	6	6	46.28425218	34.23427322
'3D'E "('/-/'D'GH-31~D0G'(	T130	E4(© AD2Ì	NN	"HÌ2Ì	25	10	10	10	31'EÌ©Ì	31'EÌ©Ì	31'EÌ©Ì	31'EÌ©Ì	31'EÌ©Ì	31'EÌ©Ì	6	6	6	6	6	6	46.28210207	34.23568445
'3D'E "('/-/'D'GH-31~D0G'(	S131	E4(© AD2Ì	NN	"HÌ2Ì	25	10	10	10	31'EÌ©Ì	31'EÌ©Ì	31'EÌ©Ì	31'EÌ©Ì	31'EÌ©Ì	31'EÌ©Ì	6	6	6	6	6	6	46.27915617	34.23760895
'3D'E "('/-/'D'GH-31~D0G'(	S132	E4(© AD2Ì	NN	"HÌ2Ì	25	10	10	10	31'EÌ©Ì	31'EÌ©Ì	31'EÌ©Ì	31'EÌ©Ì	31'EÌ©Ì	31'EÌ©Ì	6	6	6	6	6	6	46.2765973	34.23928587
'3D'E "('/-/'D'GH-31~D0G'(	S133	E4(© AD2Ì	NN	"HÌ2Ì	25	10	10	10	31'EÌ©Ì	31'EÌ©Ì	31'EÌ©Ì	31'EÌ©Ì	31'EÌ©Ì	31'EÌ©Ì	6	6	6	6	6	6	46.27423183	34.24083448
'3D'E "('/-/'D'GH-31~D0G'(	S134	E4(© AD2Ì	NN	"HÌ2Ì	25	10	10	10	31'EÌ©Ì	31'EÌ©Ì	31'EÌ©Ì	31'EÌ©Ì	31'EÌ©Ì	31'EÌ©Ì	6	6	6	6	6	6	46.27179097	34.24242891
'3D'E "('/-/'D'GH-31~D0G'(	S135	E4(© AD2Ì	NN	"HÌ2Ì	25	10	10	10	31'EÌ©Ì	31'EÌ©Ì	31'EÌ©Ì	31'EÌ©Ì	31'EÌ©Ì	31'EÌ©Ì	6	6	6	6	6	6	46.26916733	34.24415144
'3D'E "('/-/'D'GH-31~D0G'(	S136	E4(© AD2Ì	NN	"HÌ2Ì	25	10	10	10	31'EÌ©Ì	31'EÌ©Ì	31'EÌ©Ì	31'EÌ©Ì	31'EÌ©Ì	31'EÌ©Ì	6	6	6	6	6	6	46.26670496	34.24577304
'3D'E "('/-/'D'GH-31~D0G'(	S137	E4(© AD2Ì	NN	"HÌ2Ì	25	10	10	10	31'EÌ©Ì	31'EÌ©Ì	31'EÌ©Ì	31'EÌ©Ì	31'EÌ©Ì	31'EÌ©Ì	6	6	6	6	6	6	46.26413459	34.24744081
'3D'E "('/-/'D'GH-31~D0G'(	S138	E4(© AD2Ì	NN	"HÌ2Ì	25	10	10	10	31'EÌ©Ì	31'EÌ©Ì	31'EÌ©Ì	31'EÌ©Ì	31'EÌ©Ì	31'EÌ©Ì	6	6	6	6	6	6	46.26163972	34.24908069
'3D'E "('/-/'D'GH-31~D0G'(	S139	E4(© AD2Ì	NN	"HÌ2Ì	25	10	10	10	31'EÌ©Ì	31'EÌ©Ì	31'EÌ©Ì	31'EÌ©Ì	31'EÌ©Ì	31'EÌ©Ì	6	6	6	6	6	6	46.2591768	34.25068412
'3D'E "('/-/'D'GH-31~D0G'(	T140	E4(© AD2Ì	NN	"HÌ2Ì	25	10	10	10	31'EÌ©Ì	31'EÌ©Ì	31'EÌ©Ì	31'EÌ©Ì	31'EÌ©Ì	31'EÌ©Ì	6	6	6	6	6	6	46.25636993	34.25253451
'3D'E "('/-/'D'GH-31~D0G'(	S141	E4(© AD2Ì	NN	"HÌ2Ì	25	10	10	10	31'EÌ©Ì	31'EÌ©Ì	31'EÌ©Ì	31'EÌ©Ì	31'EÌ©Ì	31'EÌ©Ì	6	6	6	6	6	6	46.25408979	34.25402775
'3D'E "('/-/'D'GH-31~D0G'(	S142	E4(© AD2Ì	NN	"HÌ2Ì	25	10	10	10	31'EÌ©Ì	31'EÌ©Ì	31'EÌ©Ì	31'EÌ©Ì	31'EÌ©Ì	31'EÌ©Ì	6	6	6	6	6	6	46.25157294	34.25567667
'3D'E "('/-/'D'GH-31~D0G'(	S143	E4(© AD2Ì	NN	"HÌ2Ì	25	10	10	10	31'EÌ©Ì	31'EÌ©Ì	31'EÌ©Ì	31'EÌ©Ì	31'EÌ©Ì	31'EÌ©Ì	6	6	6	6	6	6	46.24920656	34.25722481
'3D'E "('/-/'D'GH-31~D0G'(	S144	E4(© AD2Ì	NN	"HÌ2Ì	25	10	10	10	31'EÌ©Ì	31'EÌ©Ì	31'EÌ©Ì	31'EÌ©Ì	31'EÌ©Ì	31'EÌ©Ì	6	6	6	6	6	6	46.24661417	34.25891949
'3D'E "('/-/'D'GH-31~D0G'(	S145	E4(© AD2Ì	NN	"HÌ2Ì	25	10	10	10	31'EÌ©Ì	31'EÌ©Ì	31'EÌ©Ì	31'EÌ©Ì	31'EÌ©Ì	31'EÌ©Ì	6	6	6	6	6	6	46.24408631	34.26057739
'3D'E "('/-/'D'GH-31~D0G'(	S146	E4(© AD2Ì	NN	"HÌ2Ì	25	10	10	10	31'EÌ©Ì	31'EÌ©Ì	31'EÌ©Ì	31'EÌ©Ì	31'EÌ©Ì	31'EÌ©Ì	6	6	6	6	6	6	46.2416982	34.26214364
'3D'E "('/-/'D'GH-31~D0G'(	S147	E4(© AD2Ì	NN	"HÌ2Ì	25	10	10	10	31'EÌ©Ì	31'EÌ©Ì	31'EÌ©Ì	31'EÌ©Ì	31'EÌ©Ì	31'EÌ©Ì	6	6	6	6	6	6	46.23929927	34.26371898
'3D'E "('/-/'D'GH-31~D0G'(	S148	E4(© AD2Ì	NN	"HÌ2Ì	25	10	10	10	31'EÌ©Ì	31'EÌ©Ì	31'EÌ©Ì	31'EÌ©Ì	31'EÌ©Ì	31'EÌ©Ì	6	6	6	6	6	6	46.23690024	34.26529427
'3D'E "('/-/'D'GH-31~D0G'(	S149	E4(© AD2Ì	NN	"HÌ2Ì	25	10	10	10	31'EÌ©Ì	31'EÌ©Ì	31'EÌ©Ì	31'EÌ©Ì	31'EÌ©Ì	31'EÌ©Ì	6	6	6	6	6	6	46.23453319	34.26683312
'3D'E "('/-/'D'GH-31~D0G'(	S150	E4(© AD2Ì	NN	"HÌ2Ì	25	10	10	10	31'EÌ©Ì	31'EÌ©Ì	31'EÌ©Ì	31'EÌ©Ì	31'EÌ©Ì	31'EÌ©Ì	6	6	6	6	6	6	46.23190802	34.26855487
'3D'E "('/-/'D'GH-31~D0G'(	S151	E4(© AD2Ì	NN	"HÌ2Ì	25	10	10	10	31'EÌ©Ì	31'EÌ©Ì	31'EÌ©Ì	31'EÌ©Ì	31'EÌ©Ì	31'EÌ©Ì	6	6	6	6	6	6	46.22925069	34.27031297
'3D'E "('/-/'D'GH-31~D0G'(	S152	E4(© AD2Ì	NN	"HÌ2Ì	25	10	10	10	31'EÌ©Ì	31'EÌ©Ì	31'EÌ©Ì	31'EÌ©Ì	31'EÌ©Ì	31'EÌ©Ì	6	6	6	6	6	6	46.22676546	34.27196107
'3D'E "('/-/'D'GH-31~D0G'(	S153	E4(© AD2Ì	NN	"HÌ2Ì	25	10	10	10	31'EÌ©Ì	31'EÌ©Ì	31'EÌ©Ì	31'EÌ©Ì	31'EÌ©Ì	31'EÌ©Ì	6	6	6	6	6	6	46.22444134	34.27349028
'3D'E "('/-/'D'GH-31~D0G'(	S154	E4(© AD2Ì	NN	"HÌ2Ì	25	10	10	10	31'EÌ©Ì	31'EÌ©Ì	31'EÌ©Ì	31'EÌ©Ì	31'EÌ©Ì	31'EÌ©Ì	6	6	6	6	6	6	46.2218914	34.27518402
'3D'E "('/-/'D'GH-31~D0G'(	S155	E4(© AD2Ì	NN	"HÌ2Ì	25	10	10	10	31'EÌ©Ì	31'EÌ©Ì	31'EÌ©Ì	31'EÌ©Ì	31'EÌ©Ì	31'EÌ©Ì	6	6	6	6	6	6	46.21952405	34.27674062
'3D'E "('/-/'D'GH-31~D0G'(	S156	E4(© AD2Ì	NN	"HÌ2Ì	25	10	10	10	31'EÌ©Ì	31'EÌ©Ì	31'EÌ©Ì	31'EÌ©Ì	31'EÌ©Ì	31'EÌ©Ì	6	6	6	6	6	6	46.21707075	34.27837017
'3D'E "('/-/'D'GH-31~D0G'(	S157	E4(© AD2Ì	NN	"HÌ2Ì	25	10	10	10	31'EÌ©Ì	31'EÌ©Ì	31'EÌ©Ì	31'EÌ©Ì	31'EÌ©Ì	31'EÌ©Ì	6	6	6	6	6	6	46.2146281	34.27999056
'3D'E "('/-/'D'GH-31~D0G'(	S158	E4(© AD2Ì	NN	"HÌ2Ì	25	10	10	10	31'EÌ©Ì	31'EÌ©Ì	31'EÌ©Ì	31'EÌ©Ì	31'EÌ©Ì	31'EÌ©Ì	6	6	6	6	6	6	46.21216375	34.28162012
'3D'E "('/-/'D'GH-31~D0G'(	T159	E4(© AD2Ì	NN	"HÌ2Ì	25	10	10	10	31'EÌ©Ì	31'EÌ©Ì	31'EÌ©Ì	31'EÌ©Ì	31'EÌ©Ì	31'EÌ©Ì	6	6	6	6	6	6	46.20969905	34.28323161
'3D'E "('/-/'D'GH-31~D0G'(	S160	E4(© AD2Ì	NN	"HÌ2Ì	25	10	10	10	31'EÌ©Ì	31'EÌ©Ì	31'EÌ©Ì	31'EÌ©Ì	31'EÌ©Ì	31'EÌ©Ì	6	6	6	6	6	6	46.20684643	34.28507231
'3D'E "('/-/'D'GH-31~D0G'(	S161	E4(© AD2Ì	NN	"HÌ2Ì	25	10	10	10	31'EÌ©Ì	31'EÌ©Ì	31'EÌ©Ì	31'EÌ©Ì	31'EÌ©Ì	31'EÌ©Ì	6	6	6	6	6	6	46.20454279	34.28656488
'3D'E "('/-/'D'GH-31~D0G'(	S162	E4(© AD2Ì	NN	"HÌ2Ì	25	10	10	10	31'EÌ©Ì	31'EÌ©Ì	31'EÌ©Ì	31'EÌ©Ì	31'EÌ©Ì	31'EÌ©Ì	6	6	6	6	6	6	46.20209914	34.28814895
'3D'E "('/-/'D'GH-31~D0G'(	S163	E4(© AD2Ì	NN	"HÌ2Ì	25	10	10	10	31'EÌ©Ì	31'EÌ©Ì	31'EÌ©Ì	31'EÌ©Ì	31'EÌ©Ì	31'EÌ©Ì	6	6	6	6	6	6	46.19973067	34.28967813
'3D'E "('/-/'D'GH-31~D0G'(	S164	E4(© AD2Ì	NN	"HÌ2Ì	25	10	10	10	31'EÌ©Ì	31'EÌ©Ì	31'EÌ©Ì	31'EÌ©Ì	31'EÌ©Ì	31'EÌ©Ì	6	6	6	6	6	6	46.19706075	34.29140861
'3D'E "('/-/'D'GH-31~D0G'(	S165	E4(© AD2Ì	NN	"HÌ2Ì	25	10	10	10	31'EÌ©Ì	31'EÌ©Ì	31'EÌ©Ì	31'EÌ©Ì	31'EÌ©Ì	31'EÌ©Ì	6	6	6	6	6	6	46.19437999	34.29314815
'3D'E "('/-/'D'GH-31~D0G'(	S166	E4(© AD2Ì	NN	"HÌ2Ì	25	10	10	10	31'EÌ©Ì	31'EÌ©Ì	31'EÌ©Ì	31'EÌ©Ì	31'EÌ©Ì	31'EÌ©Ì	6	6	6	6	6	6	46.19212972	34.29460389
'3D'E "('/-/'D'GH-31~D0G'(	S167	E4(© AD2Ì	NN	"HÌ2Ì	25	10	10	10	31'EÌ©Ì	31'EÌ©Ì	31'EÌ©Ì	31'EÌ©Ì	31'EÌ©Ì	31'EÌ©Ì	6	6	6	6	6	6	46.1901593	34.29587652
'3D'E "('/-/'D'GH-31~D0G'(	S168	E4(© AD2Ì	NN	"HÌ2Ì	25	10	10	10	31'EÌ©Ì	31'EÌ©Ì	31'EÌ©Ì	31'EÌ©Ì	31'EÌ©Ì	31'EÌ©Ì	6	6	6	6	6	6	46.18795196	34.29730472
'3D'E "('/-/'D'GH-31~D0G'(	S169	E4(© AD2Ì	NN	"HÌ2Ì	25	10	10	10	31'EÌ©Ì	31'EÌ©Ì	31'EÌ©Ì	31'EÌ©Ì	31'EÌ©Ì	31'EÌ©Ì	6	6	6	6	6	6	46.18555064	34.29885198
'3D'E "('/-/'D'GH-31~D0G'(	T170	E4(© AD2Ì	NN	"HÌ2Ì	25	10	10	10	31'EÌ©Ì	31'EÌ©Ì	31'EÌ©Ì	31'EÌ©Ì	31'EÌ©Ì	31'EÌ©Ì	6	6	6	6	6	6	46.18311713	34.30043559
'3D'E "('/-/'D'GH-31~D0G'(	S171	E4(© AD2Ì	NN	"HÌ2Ì	25	10	10	10	31'EÌ©Ì	31'EÌ©Ì	31'EÌ©Ì	31'EÌ©Ì	31'EÌ©Ì	31'EÌ©Ì	6	6	6	6	6	6	46.1807721	34.30213552
'3D'E "('/-/'D'GH-31~D0G'(	S172	E4(© AD2Ì	NN	"HÌ2Ì	25	10	10	10	31'EÌ©Ì	31'EÌ©Ì	31'EÌ©Ì	31'EÌ©Ì	31'EÌ©Ì	31'EÌ©Ì	6	6	6	6	6	6	46.17831958	34.30392662
'3D'E "('/-/'D'GH-31~D0G'(	S173	E4(© AD2Ì	NN	"HÌ2Ì	25	10	10	10	31'EÌ©Ì	31'EÌ©Ì	31'EÌ©Ì	31'EÌ©Ì	31'EÌ©Ì	31'EÌ©Ì	6	6	6	6	6	6	46.17574844	34.30579095
'3D'E "('/-/'D'GH-31~D0G'(	S174	E4(© AD2Ì	NN	"HÌ2Ì	25	10	10	10	31'EÌ©Ì	31'EÌ©Ì	31'EÌ©Ì	31'EÌ©Ì	31'EÌ©Ì	31'EÌ©Ì	6	6	6	6	6	6	46.17347866	34.30745395
'3D'E "('/-/'D'GH-31~D0G'(	S175	E4(© AD2Ì	NN	"HÌ2Ì	25	10	10	10	31'EÌ©Ì	31'EÌ©Ì	31'EÌ©Ì	31'EÌ©Ì	31'EÌ©Ì	31'EÌ©Ì	6	6	6	6	6	6	46.17111188	34.30918097
'3D'E "('/-/'D'GH-31~D0G'(	S176	E4(© AD2Ì	NN	"HÌ2Ì	25	10	10	10	31'EÌ©Ì	31'EÌ©Ì	31'EÌ©Ì	31'EÌ©Ì	31'EÌ©Ì	31'EÌ©Ì	6	6	6	6	6	6	46.1688418	34.31083487
'3D'E "('/-/'D'GH-31~D0G'(	S177	E4(© AD2Ì	NN	"HÌ2Ì	25	10	10	10	31'EÌ©Ì	31'EÌ©Ì	31'EÌ©Ì	31'EÌ©Ì	31'EÌ©Ì	31'EÌ©Ì	6	6	6	6	6	6	46.16658237	34.31247961
'3D'E "('/-/'D'GH-31~D0G'(	S178	E4(© AD2Ì	NN	"HÌ2Ì	25	10	10	10	31'EÌ©Ì	31'EÌ©Ì	31'EÌ©Ì	31'EÌ©Ì	31'EÌ©Ì	31'EÌ©Ì	6	6	6	6	6	6	46.16430136	34.31414255
'3D'E "('/-/'D'GH-31~D0G'(	S179	E4(© AD2Ì	NN	"HÌ2Ì	25	10	10	10	31'EÌ©Ì	31'EÌ©Ì	31'EÌ©Ì	31'EÌ©Ì	31'EÌ©Ì	31'EÌ©Ì	6	6	6	6	6	6	46.16202014	34.31579643
'3D'E "('/-/'D'GH-31~D0G'(	S180	E4(© AD2Ì	NN	"HÌ2Ì	25	10	10	10	31'EÌ©Ì	31'EÌ©Ì	31'EÌ©Ì	31'EÌ©Ì	31'EÌ©Ì	31'EÌ©Ì	6	6	6	6	6	6	46.15976057	34.31745007
'3D'E "('/-/'D'GH-31~D0G'(	S181	E4(© AD2Ì	NN	"HÌ2Ì	25	10	10	10	31'EÌ©Ì	31'EÌ©Ì	31'EÌ©Ì	31'EÌ©Ì	31'EÌ©Ì	31'EÌ©Ì	6	6	6	6	6	6	46.15747917	34.31910387
'3D'E "('/-/'D'GH-31~D0G'(	S182	E4(© AD2Ì	NN	"HÌ2Ì	25	10	10	10	31'EÌ©Ì	31'EÌ©Ì	31'EÌ©Ì	31'EÌ©Ì	31'EÌ©Ì	31'EÌ©Ì	6	6	6	6	6	6	46.15512248	34.32082146
'3D'E "('/-/'D'GH-31~D0G'(	S183	E4(© AD2Ì	NN	"HÌ2Ì	25	10	10	10	31'EÌ©Ì	31'EÌ©Ì	31'EÌ©Ì	31'EÌ©Ì	31'EÌ©Ì	31'EÌ©Ì	6	6	6	6	6	6	46.15287338	34.32246585
'3D'E "('/-/'D'GH-31~D0G'(	S184	E4(© AD2Ì	NN	"HÌ2Ì	25	10	10	10	31'EÌ©Ì	31'EÌ©Ì	31'EÌ©Ì	31'EÌ©Ì	31'EÌ©Ì	31'EÌ©Ì	6	6	6	6	6	6	46.15061332	34.32411031
'3D'E "('/-/'D'GH-31~D0G'(	S185	E4(© AD2Ì	NN	"HÌ2Ì	25	10	10	10	31'EÌ©Ì	31'EÌ©Ì	31'EÌ©Ì	31'EÌ©Ì	31'EÌ©Ì	31'EÌ©Ì	6	6	6	6	6	6	46.14836404	34.32575462
'3D'E "('/-/'D'GH-31~D0G'(	S186	E4(© AD2Ì	NN	"HÌ2Ì	25	10	10	10	31'EÌ©Ì	31'EÌ©Ì	31'EÌ©Ì	31'EÌ©Ì	31'EÌ©Ì	31'EÌ©Ì	6	6	6	6	6	6	46.14609294	34.3273991
'3D'E "('/-/'D'GH-31~D0G'(	S187	E4(© AD2Ì	NN	"HÌ2Ì	25	10	10	10	31'EÌ©Ì	31'EÌ©Ì	31'EÌ©Ì	31'EÌ©Ì	31'EÌ©Ì	31'EÌ©Ì	6	6	6	6	6	6	46.14384349	34.32904333
'3D'E "('/-/'D'GH-31~D0G'(	T188	E4(© AD2Ì	NN	"HÌ2Ì	25	10	10	10	31'EÌ©Ì	31'EÌ©Ì	31'EÌ©Ì	31'EÌ©Ì	31'EÌ©Ì	31'EÌ©Ì	6	6	6	6	6	6	46.1415832	34.33069665
'3D'E "('/-/'D'GH-31~D0G'(	S189	E4(© AD2Ì	NN	"HÌ2Ì	25	10	10	10	31'EÌ©Ì	31'EÌ©Ì	31'EÌ©Ì	31'EÌ©Ì	31'EÌ©Ì	31'EÌ©Ì	6	6	6	6	6	6	46.1385879	34.33186077
'3D'E "('/-/'D'GH-31~D0G'(	S190	E4(© AD2Ì	NN	"HÌ2Ì	25	10	10	10	31'EÌ©Ì	31'EÌ©Ì	31'EÌ©Ì	31'EÌ©Ì	31'EÌ©Ì	31'EÌ©Ì	6	6	6	6	6	6	46.13538734	34.33312593
'3D'E "('/-/'D'GH-31~D0G'(	S191	E4(© AD2Ì	NN	"HÌ2Ì	25	10	10	10	31'EÌ©Ì	31'EÌ©Ì	31'EÌ©Ì	31'EÌ©Ì	31'EÌ©Ì	31'EÌ©Ì	6	6	6	6	6	6	46.1323595	34.33430825
'3D'E "('/-/'D'GH-31~D0G'(	S192	E4(© AD2Ì	NN	"HÌ2Ì	25	10	10	10	31'EÌ©Ì	31'EÌ©Ì	31'EÌ©Ì	31'EÌ©Ì	31'EÌ©Ì	31'EÌ©Ì	6	6	6	6	6	6	46.12950451	34.33541675
'3D'E "('/-/'D'GH-31~D0G'(	S193	E4(© AD2Ì	NN	"HÌ2Ì	25	10	10	10	31'EÌ©Ì	31'EÌ©Ì	31'EÌ©Ì	31'EÌ©Ì	31'EÌ©Ì	31'EÌ©Ì	6	6	6	6	6	6	46.12605476	34.33676512
'3D'E "('/-/'D'GH-31~D0G'(	S194	E4(© AD2Ì	NN	"HÌ2Ì	25	10	10	10	31'EÌ©Ì	31'EÌ©Ì	31'EÌ©Ì	31'EÌ©Ì	31'EÌ©Ì	31'EÌ©Ì	6	6	6	6	6	6	46.12340517	34.33779945
'3D'E "('/-/'D'GH-31~D0G'(	T195	E4(© AD2Ì	NN	"HÌ2Ì	25	10	10	10	31'EÌ©Ì	31'EÌ©Ì	31'EÌ©Ì	31'EÌ©Ì	31'EÌ©Ì	31'EÌ©Ì	6	6	6	6	6	6	46.12035524	34.33898168
'3D'E "('/-/'D'GH-31~D0G'(	S196	E4(© AD2Ì	NN	"HÌ2Ì	25	10	10	10	31'EÌ©Ì	31'EÌ©Ì	31'EÌ©Ì	31'EÌ©Ì	31'EÌ©Ì	31'EÌ©Ì	6	6	6	6	6	6	46.11855996	34.34050406
'3D'E "('/-/'D'GH-31~D0G'(	S197	E4(© AD2Ì	NN	"HÌ2Ì	25	10	10	10	31'EÌ©Ì	31'EÌ©Ì	31'EÌ©Ì	31'EÌ©Ì	31'EÌ©Ì	31'EÌ©Ì	6	6	6	6	6	6	46.11677512	34.34199928
'3D'E "('/-/'D'GH-31~D0G'(	S198	E4(© AD2Ì	NN	"HÌ2Ì	25	10	10	10	31'EÌ©Ì	31'EÌ©Ì	31'EÌ©Ì	31'EÌ©Ì	31'EÌ©Ì	31'EÌ©Ì	6	6	6	6	6	6	46.11417325	34.34419627
'3D'E "('/-/'D'GH-31~D0G'(	S199	E4(© AD2Ì	NN	"HÌ2Ì	25	10	10	10	31'EÌ©Ì	31'EÌ©Ì	31'EÌ©Ì	31'EÌ©Ì	31'EÌ©Ì	31'EÌ©Ì	6	6	6	6	6	6	46.11197981	34.34604682
'3D'E "('/-/'D'GH-31~D0G'(	S200	E4(© AD2Ì	NN	"HÌ2Ì	25	10	10	10	31'EÌ©Ì	31'EÌ©Ì	31'EÌ©Ì	31'EÌ©Ì	31'EÌ©Ì	31'EÌ©Ì	6	6	6	6	6	6	46.10996894	34.34773336
'3D'E "('/-/'D'GH-31~D0G'(	S201	E4(© AD2Ì	NN	"HÌ2Ì	25	10	10	10	31'EÌ©Ì	31'EÌ©Ì	31'EÌ©Ì	31'EÌ©Ì	31'EÌ©Ì	31'EÌ©Ì	6	6	6	6	6	6	46.10747424	34.34983907
'3D'E "('/-/'D'GH-31~D0G'(	T202	E4(© AD2Ì	NN	"HÌ2Ì	25	10	10	10	31'EÌ©Ì	31'EÌ©Ì	31'EÌ©Ì	31'EÌ©Ì	31'EÌ©Ì	31'EÌ©Ì	6	6	6	6	6	6	46.10604398	34.35104235
'3D'E "('/-/'D'GH-31~D0G'(	S203	E4(© AD2Ì	NN	"HÌ2Ì	25	10	10	10	31'EÌ©Ì	31'EÌ©Ì	31'EÌ©Ì	31'EÌ©Ì	31'EÌ©Ì	31'EÌ©Ì	6	6	6	6	6	6	46.10539303	34.35280669
'3D'E "('/-/'D'GH-31~D0G'(	T204	E4(© AD2Ì	NN	"HÌ2Ì	25	10	10	10	31'EÌ©Ì	31'EÌ©Ì	31'EÌ©Ì	31'EÌ©Ì	31'EÌ©Ì	31'EÌ©Ì	6	6	6	6	6	6	46.10455369	34.35513184
'3D'E "('/-/'D'GH-31~D0G'(	S205	E4(© AD2Ì	NN	"HÌ2Ì	25	10	10	10	31'EÌ©Ì	31'EÌ©Ì	31'EÌ©Ì	31'EÌ©Ì	31'EÌ©Ì	31'EÌ©Ì	6	6	6	6	6	6	46.10313027	34.35686707
'3D'E "('/-/'D'GH-31~D0G'(	T206	E4(© AD2Ì	NN	"HÌ2Ì	25	10	10	10	31'EÌ©Ì	31'EÌ©Ì	31'EÌ©Ì	31'EÌ©Ì	31'EÌ©Ì	31'EÌ©Ì	6	6	6	6	6	6	46.10220977	34.35798455
'3D'E "('/-/'D'GH-31~D0G'(	S207	E4(© AD2Ì	NN	"HÌ2Ì	25	10	10	10	31'EÌ©Ì	31'EÌ©Ì	31'EÌ©Ì	31'EÌ©Ì	31'EÌ©Ì	31'EÌ©Ì	6	6	6	6	6	6	46.09997022	34.35968201
'3D'E "('/-/'D'GH-31~D0G'(	S208	E4(© AD2Ì	NN	"HÌ2Ì	25	10	10	10	31'EÌ©Ì	31'EÌ©Ì	31'EÌ©Ì	31'EÌ©Ì	31'EÌ©Ì	31'EÌ©Ì	6	6	6	6	6	6	46.09774097	34.36134326
'3D'E "('/-/'D'GH-31~D0G'(	T209	E4(© AD2Ì	NN	"HÌ2Ì	25	10	10	10	31'EÌ©Ì	31'EÌ©Ì	31'EÌ©Ì	31'EÌ©Ì	31'EÌ©Ì	31'EÌ©Ì	6	6	6	6	6	6	46.0951456	34.3632873
'3D'E "('/-/'D'GH-31~D0G'(	S210	E4(© AD2Ì	NN	"HÌ2Ì	25	10	10	10	31'EÌ©Ì	31'EÌ©Ì	31'EÌ©Ì	31'EÌ©Ì	31'EÌ©Ì	31'EÌ©Ì	6	6	6	6	6	6	46.09309082	34.36416235
'3D'E "('/-/'D'GH-31~D0G'(	S211	E4(© AD2Ì	NN	"HÌ2Ì	25	10	10	10	31'EÌ©Ì	31'EÌ©Ì	31'EÌ©Ì	31'EÌ©Ì	31'EÌ©Ì	31'EÌ©Ì	6	6	6	6	6	6	46.09101426	34.36503757
'3D'E "('/-/'D'GH-31~D0G'(	T212	E4(© AD2Ì	NN	"HÌ2Ì	25	10	10	10	31'EÌ©Ì	31'EÌ©Ì	31'EÌ©Ì	31'EÌ©Ì	31'EÌ©Ì	31'EÌ©Ì	6	6	6	6	6	6	46.08847277	34.3661243
'3D'E "('/-/'D'GH-31~D0G'(	T213	E4(© AD2Ì	NN	"HÌ2Ì	25	10	10	10	31'EÌ©Ì	31'EÌ©Ì	31'EÌ©Ì	31'EÌ©Ì	31'EÌ©Ì	31'EÌ©Ì	6	6	6	6	6	6	46.08599599	34.36717433
'3D'E "('/-/'D'GH-31~D0G'(	S214	E4(© AD2Ì	NN	"HÌ2Ì	25	10	10	10	31'EÌ©Ì	31'EÌ©Ì	31'EÌ©Ì	31'EÌ©Ì	31'EÌ©Ì	31'EÌ©Ì	6	6	6	6	6	6	46.08492269	34.368275
'3D'E "('/-/'D'GH-31~D0G'(	S215	E4(© AD2Ì	NN	"HÌ2Ì	25	10	10	10	31'EÌ©Ì	31'EÌ©Ì	31'EÌ©Ì	31'EÌ©Ì	31'EÌ©Ì	31'EÌ©Ì	6	6	6	6	6	6	46.08311933	34.37011257
'3D'E "('/-/'D'GH-31~D0G'(	T216	E4(© AD2Ì	NN	"HÌ2Ì	25	10	10	10	31'EÌ©Ì	31'EÌ©Ì	31'EÌ©Ì	31'EÌ©Ì	31'EÌ©Ì	31'EÌ©Ì	6	6	6	6	6	6	46.08205659	34.37119508
'3D'E "('/-/'D'GH-31~D0G'(	S217	E4(© AD2Ì	NN	"HÌ2Ì	25	10	10	10	31'EÌ©Ì	31'EÌ©Ì	31'EÌ©Ì	31'EÌ©Ì	31'EÌ©Ì	31'EÌ©Ì	6	6	6	6	6	6	46.07970569	34.37359654
'3D'E "('/-/'D'GH-31~D0G'(	S218	E4(© AD2Ì	NN	"HÌ2Ì	25	10	10	10	31'EÌ©Ì	31'EÌ©Ì	31'EÌ©Ì	31'EÌ©Ì	31'EÌ©Ì	31'EÌ©Ì	6	6	6	6	6	6	46.07793426	34.37539768
'3D'E "('/-/'D'GH-31~D0G'(	S219	E4(© AD2Ì	NN	"HÌ2Ì	25	10	10	10	31'EÌ©Ì	31'EÌ©Ì	31'EÌ©Ì	31'EÌ©Ì	31'EÌ©Ì	31'EÌ©Ì	6	6	6	6	6	6	46.07647421	34.37688945
'3D'E "('/-/'D'GH-31~D0G'(	T220	E4(© AD2Ì	NN	"HÌ2Ì	25	10	10	10	31'EÌ©Ì	31'EÌ©Ì	31'EÌ©Ì	31'EÌ©Ì	31'EÌ©Ì	31'EÌ©Ì	6	6	6	6	6	6	46.07508932	34.3783084
'3D'E "('/-/'D'GH-31~D0G'(	S221	E4(© AD2Ì	NN	"HÌ2Ì	25	10	10	10	31'EÌ©Ì	31'EÌ©Ì	31'EÌ©Ì	31'EÌ©Ì	31'EÌ©Ì	31'EÌ©Ì	6	6	6	6	6	6	46.07150101	34.37923263
'3D'E "('/-/'D'GH-31~D0G'(	S222	E4(© AD2Ì	NN	"HÌ2Ì	25	10	10	10	31'EÌ©Ì	31'EÌ©Ì	31'EÌ©Ì	31'EÌ©Ì	31'EÌ©Ì	31'EÌ©Ì	6	6	6	6	6	6	46.06868237	34.37996067
'3D'E "('/-/'D'GH-31~D0G'(	S223	E4(© AD2Ì	NN	"HÌ2Ì	25	10	10	10	31'EÌ©Ì	31'EÌ©Ì	31'EÌ©Ì	31'EÌ©Ì	31'EÌ©Ì	31'EÌ©Ì	6	6	6	6	6	6	46.06623218	34.38058623
'3D'E "('/-/'D'GH-31~D0G'(	S224	E4(© AD2Ì	NN	"HÌ2Ì	25	10	10	10	31'EÌ©Ì	31'EÌ©Ì	31'EÌ©Ì	31'EÌ©Ì	31'EÌ©Ì	31'EÌ©Ì	6	6	6	6	6	6	46.06365191	34.38124895
'3D'E "('/-/'D'GH-31~D0G'(	T225	E4(© AD2Ì	NN	"HÌ2Ì	25	10	10	10	31'EÌ©Ì	31'EÌ©Ì	31'EÌ©Ì	31'EÌ©Ì	31'EÌ©Ì	31'EÌ©Ì	6	6	6	6	6	6	46.0607681	34.38199541
'3D'E "('/-/'D'GH-31~D0G'(	S226	E4(© AD2Ì	NN	"HÌ2Ì	25	10	10	10	31'EÌ©Ì	31'EÌ©Ì	31'EÌ©Ì	31'EÌ©Ì	31'EÌ©Ì	31'EÌ©Ì	6	6	6	6	6	6	46.05853215	34.38323218
'3D'E "('/-/'D'GH-31~D0G'(	T227	E4(© AD2Ì	NN	"HÌ2Ì	25	10	10	10	31'EÌ©Ì	31'EÌ©Ì	31'EÌ©Ì	31'EÌ©Ì	31'EÌ©Ì	31'EÌ©Ì	6	6	6	6	6	6	46.0561339	34.38454244
'3D'E "('/-/'D'GH-31~D0G'(	S228	E4(© AD2Ì	NN	"HÌ2Ì	25	10	10	10	31'EÌ©Ì	31'EÌ©Ì	31'EÌ©Ì	31'EÌ©Ì	31'EÌ©Ì	31'EÌ©Ì	6	6	6	6	6	6	46.05459693	34.38688229
'3D'E "('/-/'D'GH-31~D0G'(	T229	E4(© AD2Ì	NN	"HÌ2Ì	25	10	10	10	31'EÌ©Ì	31'EÌ©Ì	31'EÌ©Ì	31'EÌ©Ì	31'EÌ©Ì	31'EÌ©Ì	6	6	6	6	6	6	46.05312445	34.38916746
'3D'E "('/-/'D'GH-31~D0G'(	T230	E4(© AD2Ì	NN	"HÌ2Ì	25	10	10	10	31'EÌ©Ì	31'EÌ©Ì	31'EÌ©Ì	31'EÌ©Ì	31'EÌ©Ì	31'EÌ©Ì	6	6	6	6	6	6	46.05271986	34.39160574
'3D'E "('/-/'D'GH-31~D0G'(	S231	E4(© AD2Ì	NN	"HÌ2Ì	25	10	10	10	31'EÌ©Ì	31'EÌ©Ì	31'EÌ©Ì	31'EÌ©Ì	31'EÌ©Ì	31'EÌ©Ì	6	6	6	6	6	6	46.0511418	34.3932876
'3D'E "('/-/'D'GH-31~D0G'(	S232	E4(© AD2Ì	NN	"HÌ2Ì	25	10	10	10	31'EÌ©Ì	31'EÌ©Ì	31'EÌ©Ì	31'EÌ©Ì	31'EÌ©Ì	31'EÌ©Ì	6	6	6	6	6	6	46.04955258	34.3949515
'3D'E "('/-/'D'GH-31~D0G'(	S233	E4(© AD2Ì	NN	"HÌ2Ì	25	10	10	10	31'EÌ©Ì	31'EÌ©Ì	31'EÌ©Ì	31'EÌ©Ì	31'EÌ©Ì	31'EÌ©Ì	6	6	6	6	6	6	46.04783467	34.39676978
'3D'E "('/-/'D'GH-31~D0G'(	S234	E4(© AD2Ì	NN	"HÌ2Ì	25	10	10	10	31'EÌ©Ì	31'EÌ©Ì	31'EÌ©Ì	31'EÌ©Ì	31'EÌ©Ì	31'EÌ©Ì	6	6	6	6	6	6	46.04565478	34.39906092
'3D'E "('/-/'D'GH-31~D0G'(	S235	E4(© AD2Ì	NN	"HÌ2Ì	25	10	10	10	31'EÌ©Ì	31'EÌ©Ì	31'EÌ©Ì	31'EÌ©Ì	31'EÌ©Ì	31'EÌ©Ì	6	6	6	6	6	6	46.04371117	34.40111553
'3D'E "('/-/'D'GH-31~D0G'(	S236	E4(© AD2Ì	NN	"HÌ2Ì	25	10	10	10	31'EÌ©Ì	31'EÌ©Ì	31'EÌ©Ì	31'EÌ©Ì	31'EÌ©Ì	31'EÌ©Ì	6	6	6	6	6	6	46.04204662	34.40287016
'3D'E "('/-/'D'GH-31~D0G'(	T237	E4(© AD2Ì	NN	"HÌ2Ì	25	10	10	10	31'EÌ©Ì	31'EÌ©Ì	31'EÌ©Ì	31'EÌ©Ì	31'EÌ©Ì	31'EÌ©Ì	6	6	6	6	6	6	46.04021006	34.40479756
'3D'E "('/-/'D'GH-31~D0G'(	S238	E4(© AD2Ì	NN	"HÌ2Ì	25	10	10	10	31'EÌ©Ì	31'EÌ©Ì	31'EÌ©Ì	31'EÌ©Ì	31'EÌ©Ì	31'EÌ©Ì	6	6	6	6	6	6	46.03890409	34.40740578
'3D'E "('/-/'D'GH-31~D0G'(	S239	E4(© AD2Ì	NN	"HÌ2Ì	25	10	10	10	31'EÌ©Ì	31'EÌ©Ì	31'EÌ©Ì	31'EÌ©Ì	31'EÌ©Ì	31'EÌ©Ì	6	6	6	6	6	6	46.03777853	34.40965174
'3D'E "('/-/'D'GH-31~D0G'(	S240	E4(© AD2Ì	NN	"HÌ2Ì	25	10	10	10	31'EÌ©Ì	31'EÌ©Ì	31'EÌ©Ì	31'EÌ©Ì	31'EÌ©Ì	31'EÌ©Ì	6	6	6	6	6	6	46.03670552	34.41175296
'3D'E "('/-/'D'GH-31~D0G'(	T241	E4(© AD2Ì	NN	"HÌ2Ì	25	10	10	10	31'EÌ©Ì	31'EÌ©Ì	31'EÌ©Ì	31'EÌ©Ì	31'EÌ©Ì	31'EÌ©Ì	6	6	6	6	6	6	46.03577124	34.41363658
'3D'E "('/-/'D'GH-31~D0G'(	S242	E4(© AD2Ì	NN	"HÌ2Ì	25	10	10	10	31'EÌ©Ì	31'EÌ©Ì	31'EÌ©Ì	31'EÌ©Ì	31'EÌ©Ì	31'EÌ©Ì	6	6	6	6	6	6	46.03441636	34.4149466
'3D'E "('/-/'D'GH-31~D0G'(	S243	E4(© AD2Ì	NN	"HÌ2Ì	25	10	10	10	31'EÌ©Ì	31'EÌ©Ì	31'EÌ©Ì	31'EÌ©Ì	31'EÌ©Ì	31'EÌ©Ì	6	6	6	6	6	6	46.03306156	34.41626563
'3D'E "('/-/'D'GH-31~D0G'(	S244	E4(© AD2Ì	NN	"HÌ2Ì	25	10	10	10	31'EÌ©Ì	31'EÌ©Ì	31'EÌ©Ì	31'EÌ©Ì	31'EÌ©Ì	31'EÌ©Ì	6	6	6	6	6	6	46.03059908	34.41865808
'3D'E "('/-/'D'GH-31~D0G'(	T245	E4(© AD2Ì	NN	"HÌ2Ì	25	10	10	10	31'EÌ©Ì	31'EÌ©Ì	31'EÌ©Ì	31'EÌ©Ì	31'EÌ©Ì	31'EÌ©Ì	6	6	6	6	6	6	46.02917964	34.42004073
'3D'E "('/-/'D'GH-31~D0G'(	S246	E4(© AD2Ì	NN	"HÌ2Ì	25	10	10	10	31'EÌ©Ì	31'EÌ©Ì	31'EÌ©Ì	31'EÌ©Ì	31'EÌ©Ì	31'EÌ©Ì	6	6	6	6	6	6	46.02623353	34.42116566
'3D'E "('/-/'D'GH-31~D0G'(	S247	E4(© AD2Ì	NN	"HÌ2Ì	25	10	10	10	31'EÌ©Ì	31'EÌ©Ì	31'EÌ©Ì	31'EÌ©Ì	31'EÌ©Ì	31'EÌ©Ì	6	6	6	6	6	6	46.02322094	34.42220089
'3D'E "('/-/'D'GH-31~D0G'(	T248	E4(© AD2Ì	NN	"HÌ2Ì	25	10	10	10	31'EÌ©Ì	31'EÌ©Ì	31'EÌ©Ì	31'EÌ©Ì	31'EÌ©Ì	31'EÌ©Ì	6	6	6	6	6	6	46.0202084	34.42324507
'3D'E "('/-/'D'GH-31~D0G'(	S249	E4(© AD2Ì	NN	"HÌ2Ì	25	10	10	10	31'EÌ©Ì	31'EÌ©Ì	31'EÌ©Ì	31'EÌ©Ì	31'EÌ©Ì	31'EÌ©Ì	6	6	6	6	6	6	46.01884661	34.42312115
'3D'E "('/-/'D'GH-31~D0G'(	S250	E4(© AD2Ì	NN	"HÌ2Ì	25	10	10	10	31'EÌ©Ì	31'EÌ©Ì	31'EÌ©Ì	31'EÌ©Ì	31'EÌ©Ì	31'EÌ©Ì	6	6	6	6	6	6	46.0163633	34.42294342
'3D'E "('/-/'D'GH-31~D0G'(	T251	E4(© AD2Ì	NN	"HÌ2Ì	25	10	10	10	31'EÌ©Ì	31'EÌ©Ì	31'EÌ©Ì	31'EÌ©Ì	31'EÌ©Ì	31'EÌ©Ì	6	6	6	6	6	6	46.01367272	34.42272227
'3D'E "('/-/'D'GH-31~D0G'(	T252	E4(© AD2Ì	NN	"HÌ2Ì	25	10	10	10	31'EÌ©Ì	31'EÌ©Ì	31'EÌ©Ì	31'EÌ©Ì	31'EÌ©Ì	31'EÌ©Ì	6	6	6	6	6	6	46.01023674	34.42114554
'3D'E "('/-/'D'GH-31~D0G'(	S253	E4(© AD2Ì	NN	"HÌ2Ì	25	10	10	10	31'EÌ©Ì	31'EÌ©Ì	31'EÌ©Ì	31'EÌ©Ì	31'EÌ©Ì	31'EÌ©Ì	6	6	6	6	6	6	46.0084533	34.42033964
'3D'E "('/-/'D'GH-31~D0G'(	T254	E4(© AD2Ì	NN	"HÌ2Ì	25	10	10	10	31'EÌ©Ì	31'EÌ©Ì	31'EÌ©Ì	31'EÌ©Ì	31'EÌ©Ì	31'EÌ©Ì	6	6	6	6	6	6	46.00691078	34.41965798
'3D'E "('/-/'D'GH-31~D0G'(	S255	E4(© AD2Ì	NN	"HÌ2Ì	25	10	10	10	31'EÌ©Ì	31'EÌ©Ì	31'EÌ©Ì	31'EÌ©Ì	31'EÌ©Ì	31'EÌ©Ì	6	6	6	6	6	6	46.00461858	34.41816184
'3D'E "('/-/'D'GH-31~D0G'(	S256	E4(© AD2Ì	NN	"HÌ2Ì	25	10	10	10	31'EÌ©Ì	31'EÌ©Ì	31'EÌ©Ì	31'EÌ©Ì	31'EÌ©Ì	31'EÌ©Ì	6	6	6	6	6	6	46.002557	34.4168351
'3D'E "('/-/'D'GH-31~D0G'(	S257	E4(© AD2Ì	NN	"HÌ2Ì	25	10	10	10	31'EÌ©Ì	31'EÌ©Ì	31'EÌ©Ì	31'EÌ©Ì	31'EÌ©Ì	31'EÌ©Ì	6	6	6	6	6	6	46.0007147	34.4156418
'3D'E "('/-/'D'GH-31~D0G'(	S258	E4(© AD2Ì	NN	"HÌ2Ì	25	10	10	10	31'EÌ©Ì	31'EÌ©Ì	31'EÌ©Ì	31'EÌ©Ì	31'EÌ©Ì	31'EÌ©Ì	6	6	6	6	6	6	45.99835712	34.41411902
'3D'E "('/-/'D'GH-31~D0G'(	S259	E4(© AD2Ì	NN	"HÌ2Ì	25	10	10	10	31'EÌ©Ì	31'EÌ©Ì	31'EÌ©Ì	31'EÌ©Ì	31'EÌ©Ì	31'EÌ©Ì	6	6	6	6	6	6	45.99620805	34.41273878
'3D'E "('/-/'D'GH-31~D0G'(	T260	E4(© AD2Ì	NN	"HÌ2Ì	25	10	10	10	31'EÌ©Ì	31'EÌ©Ì	31'EÌ©Ì	31'EÌ©Ì	31'EÌ©Ì	31'EÌ©Ì	6	6	6	6	6	6	45.99430001	34.41149182
'3D'E "('/-/'D'GH-31~D0G'(	S261	E4(© AD2Ì	NN	"HÌ2Ì	25	10	10	10	31'EÌ©Ì	31'EÌ©Ì	31'EÌ©Ì	31'EÌ©Ì	31'EÌ©Ì	31'EÌ©Ì	6	6	6	6	6	6	45.99055643	34.41144103
'3D'E "('/-/'D'GH-31~D0G'(	S262	E4(© AD2Ì	NN	"HÌ2Ì	25	10	10	10	31'EÌ©Ì	31'EÌ©Ì	31'EÌ©Ì	31'EÌ©Ì	31'EÌ©Ì	31'EÌ©Ì	6	6	6	6	6	6	45.98686724	34.41138969
'3D'E "('/-/'D'GH-31~D0G'(	S263	E4(© AD2Ì	NN	"HÌ2Ì	25	10	10	10	31'EÌ©Ì	31'EÌ©Ì	31'EÌ©Ì	31'EÌ©Ì	31'EÌ©Ì	31'EÌ©Ì	6	6	6	6	6	6	45.98342829	34.41133623
'3D'E "('/-/'D'GH-31~D0G'(	S264	E4(© AD2Ì	NN	"HÌ2Ì	25	10	10	10	31'EÌ©Ì	31'EÌ©Ì	31'EÌ©Ì	31'EÌ©Ì	31'EÌ©Ì	31'EÌ©Ì	6	6	6	6	6	6	45.98021792	34.41128985
'3D'E "('/-/'D'GH-31~D0G'(	S265	E4(© AD2Ì	NN	"HÌ2Ì	25	10	10	10	31'EÌ©Ì	31'EÌ©Ì	31'EÌ©Ì	31'EÌ©Ì	31'EÌ©Ì	31'EÌ©Ì	6	6	6	6	6	6	45.97771495	34.41125578
'3D'E "('/-/'D'GH-31~D0G'(	S266	E4(© AD2Ì	NN	"HÌ2Ì	25	10	10	10	31'EÌ©Ì	31'EÌ©Ì	31'EÌ©Ì	31'EÌ©Ì	31'EÌ©Ì	31'EÌ©Ì	6	6	6	6	6	6	45.97535341	34.41122052
'3D'E "('/-/'D'GH-31~D0G'(	T267	E4(© AD2Ì	NN	"HÌ2Ì	25	10	10	10	31'EÌ©Ì	31'EÌ©Ì	31'EÌ©Ì	31'EÌ©Ì	31'EÌ©Ì	31'EÌ©Ì	6	6	6	6	6	6	45.97248042	34.41118027
'3D'E "('/-/'D'GH-31~D0G'(	S268	E4(© AD2Ì	NN	"HÌ2Ì	25	10	10	10	31'EÌ©Ì	31'EÌ©Ì	31'EÌ©Ì	31'EÌ©Ì	31'EÌ©Ì	31'EÌ©Ì	6	6	6	6	6	6	45.96998875	34.41306675
'3D'E "('/-/'D'GH-31~D0G'(	S269	E4(© AD2Ì	NN	"HÌ2Ì	25	10	10	10	31'EÌ©Ì	31'EÌ©Ì	31'EÌ©Ì	31'EÌ©Ì	31'EÌ©Ì	31'EÌ©Ì	6	6	6	6	6	6	45.96743209	34.41498976
'3D'E "('/-/'D'GH-31~D0G'(	S270	E4(© AD2Ì	NN	"HÌ2Ì	25	10	10	10	31'EÌ©Ì	31'EÌ©Ì	31'EÌ©Ì	31'EÌ©Ì	31'EÌ©Ì	31'EÌ©Ì	6	6	6	6	6	6	45.96544712	34.41648438
'3D'E "('/-/'D'GH-31~D0G'(	S271	E4(© AD2Ì	NN	"HÌ2Ì	25	10	10	10	31'EÌ©Ì	31'EÌ©Ì	31'EÌ©Ì	31'EÌ©Ì	31'EÌ©Ì	31'EÌ©Ì	6	6	6	6	6	6	45.96305212	34.41828879
'3D'E "('/-/'D'GH-31~D0G'(	S272	E4(© AD2Ì	NN	"HÌ2Ì	25	10	10	10	31'EÌ©Ì	31'EÌ©Ì	31'EÌ©Ì	31'EÌ©Ì	31'EÌ©Ì	31'EÌ©Ì	6	6	6	6	6	6	45.96056002	34.42017508
'3D'E "('/-/'D'GH-31~D0G'(	S273	E4(© AD2Ì	NN	"HÌ2Ì	25	10	10	10	31'EÌ©Ì	31'EÌ©Ì	31'EÌ©Ì	31'EÌ©Ì	31'EÌ©Ì	31'EÌ©Ì	6	6	6	6	6	6	45.95870424	34.42156937
'3D'E "('/-/'D'GH-31~D0G'(	S274	E4(© AD2Ì	NN	"HÌ2Ì	25	10	10	10	31'EÌ©Ì	31'EÌ©Ì	31'EÌ©Ì	31'EÌ©Ì	31'EÌ©Ì	31'EÌ©Ì	6	6	6	6	6	6	45.95667594	34.42310927
'3D'E "('/-/'D'GH-31~D0G'(	S275	E4(© AD2Ì	NN	"HÌ2Ì	25	10	10	10	31'EÌ©Ì	31'EÌ©Ì	31'EÌ©Ì	31'EÌ©Ì	31'EÌ©Ì	31'EÌ©Ì	6	6	6	6	6	6	45.9547337	34.4245673
'3D'E "('/-/'D'GH-31~D0G'(	S276	E4(© AD2Ì	NN	"HÌ2Ì	25	10	10	10	31'EÌ©Ì	31'EÌ©Ì	31'EÌ©Ì	31'EÌ©Ì	31'EÌ©Ì	31'EÌ©Ì	6	6	6	6	6	6	45.95268359	34.42611632
'3D'E "('/-/'D'GH-31~D0G'(	S277	E4(© AD2Ì	NN	"HÌ2Ì	25	10	10	10	31'EÌ©Ì	31'EÌ©Ì	31'EÌ©Ì	31'EÌ©Ì	31'EÌ©Ì	31'EÌ©Ì	6	6	6	6	6	6	45.95026649	34.42793869
'3D'E "('/-/'D'GH-31~D0G'(	T278	E4(© AD2Ì	NN	"HÌ2Ì	25	10	10	10	31'EÌ©Ì	31'EÌ©Ì	31'EÌ©Ì	31'EÌ©Ì	31'EÌ©Ì	31'EÌ©Ì	6	6	6	6	6	6	45.94808665	34.42957882
'3D'E "('/-/'D'GH-31~D0G'(	S279	E4(© AD2Ì	NN	"HÌ2Ì	25	10	10	10	31'EÌ©Ì	31'EÌ©Ì	31'EÌ©Ì	31'EÌ©Ì	31'EÌ©Ì	31'EÌ©Ì	6	6	6	6	6	6	45.94559724	34.43079747
'3D'E "('/-/'D'GH-31~D0G'(	S280	E4(© AD2Ì	NN	"HÌ2Ì	25	10	10	10	31'EÌ©Ì	31'EÌ©Ì	31'EÌ©Ì	31'EÌ©Ì	31'EÌ©Ì	31'EÌ©Ì	6	6	6	6	6	6	45.94312943	34.43200688
'3D'E "('/-/'D'GH-31~D0G'(	S281	E4(© AD2Ì	NN	"HÌ2Ì	25	10	10	10	31'EÌ©Ì	31'EÌ©Ì	31'EÌ©Ì	31'EÌ©Ì	31'EÌ©Ì	31'EÌ©Ì	6	6	6	6	6	6	45.94076986	34.43317033
'3D'E "('/-/'D'GH-31~D0G'(	S282	E4(© AD2Ì	NN	"HÌ2Ì	25	10	10	10	31'EÌ©Ì	31'EÌ©Ì	31'EÌ©Ì	31'EÌ©Ì	31'EÌ©Ì	31'EÌ©Ì	6	6	6	6	6	6	45.93790136	34.43457209
'3D'E "('/-/'D'GH-31~D0G'(	S283	E4(© AD2Ì	NN	"HÌ2Ì	25	10	10	10	31'EÌ©Ì	31'EÌ©Ì	31'EÌ©Ì	31'EÌ©Ì	31'EÌ©Ì	31'EÌ©Ì	6	6	6	6	6	6	45.93503275	34.43597379
'3D'E "('/-/'D'GH-31~D0G'(	S284	E4(© AD2Ì	NN	"HÌ2Ì	25	10	10	10	31'EÌ©Ì	31'EÌ©Ì	31'EÌ©Ì	31'EÌ©Ì	31'EÌ©Ì	31'EÌ©Ì	6	6	6	6	6	6	45.93244551	34.43723801
'3D'E "('/-/'D'GH-31~D0G'(	T285	E4(© AD2Ì	NN	"HÌ2Ì	25	10	10	10	31'EÌ©Ì	31'EÌ©Ì	31'EÌ©Ì	31'EÌ©Ì	31'EÌ©Ì	31'EÌ©Ì	6	6	6	6	6	6	45.93060516	34.43813578
'3D'E "('/-/'D'GH-31~D0G'(	S286	E4(© AD2Ì	NN	"HÌ2Ì	25	10	10	10	31'EÌ©Ì	31'EÌ©Ì	31'EÌ©Ì	31'EÌ©Ì	31'EÌ©Ì	31'EÌ©Ì	6	6	6	6	6	6	45.92767611	34.43901473
'3D'E "('/-/'D'GH-31~D0G'(	S287	E4(© AD2Ì	NN	"HÌ2Ì	25	10	10	10	31'EÌ©Ì	31'EÌ©Ì	31'EÌ©Ì	31'EÌ©Ì	31'EÌ©Ì	31'EÌ©Ì	6	6	6	6	6	6	45.9247469	34.4398846
'3D'E "('/-/'D'GH-31~D0G'(	S288	E4(© AD2Ì	NN	"HÌ2Ì	25	10	10	10	31'EÌ©Ì	31'EÌ©Ì	31'EÌ©Ì	31'EÌ©Ì	31'EÌ©Ì	31'EÌ©Ì	6	6	6	6	6	6	45.92126434	34.44092088
'3D'E "('/-/'D'GH-31~D0G'(	S289	E4(© AD2Ì	NN	"HÌ2Ì	25	10	10	10	31'EÌ©Ì	31'EÌ©Ì	31'EÌ©Ì	31'EÌ©Ì	31'EÌ©Ì	31'EÌ©Ì	6	6	6	6	6	6	45.9186063	34.44171642
'3D'E "('/-/'D'GH-31~D0G'(	S290	E4(© AD2Ì	NN	"HÌ2Ì	25	10	10	10	31'EÌ©Ì	31'EÌ©Ì	31'EÌ©Ì	31'EÌ©Ì	31'EÌ©Ì	31'EÌ©Ì	6	6	6	6	6	6	45.91566611	34.44259517
'3D'E "('/-/'D'GH-31~D0G'(	S291	E4(© AD2Ì	NN	"HÌ2Ì	25	10	10	10	31'EÌ©Ì	31'EÌ©Ì	31'EÌ©Ì	31'EÌ©Ì	31'EÌ©Ì	31'EÌ©Ì	6	6	6	6	6	6	45.91259554	34.44350187
'3D'E "('/-/'D'GH-31~D0G'(	S292	E4(© AD2Ì	NN	"HÌ2Ì	25	10	10	10	31'EÌ©Ì	31'EÌ©Ì	31'EÌ©Ì	31'EÌ©Ì	31'EÌ©Ì	31'EÌ©Ì	6	6	6	6	6	6	45.9094492	34.44445416
'3D'E "('/-/'D'GH-31~D0G'(	T293	E4(© AD2Ì	NN	"HÌ2Ì	25	10	10	10	31'EÌ©Ì	31'EÌ©Ì	31'EÌ©Ì	31'EÌ©Ì	31'EÌ©Ì	31'EÌ©Ì	6	6	6	6	6	6	45.90717062	34.44512939
'3D'E "('/-/'D'GH-31~D0G'(	S294	E4(© AD2Ì	NN	"HÌ2Ì	25	10	10	10	31'EÌ©Ì	31'EÌ©Ì	31'EÌ©Ì	31'EÌ©Ì	31'EÌ©Ì	31'EÌ©Ì	6	6	6	6	6	6	45.90442018	34.44444637
'3D'E "('/-/'D'GH-31~D0G'(	S295	E4(© AD2Ì	NN	"HÌ2Ì	25	10	10	10	31'EÌ©Ì	31'EÌ©Ì	31'EÌ©Ì	31'EÌ©Ì	31'EÌ©Ì	31'EÌ©Ì	6	6	6	6	6	6	45.90166988	34.44377231
'3D'E "('/-/'D'GH-31~D0G'(	S296	E4(© AD2Ì	NN	"HÌ2Ì	25	10	10	10	31'EÌ©Ì	31'EÌ©Ì	31'EÌ©Ì	31'EÌ©Ì	31'EÌ©Ì	31'EÌ©Ì	6	6	6	6	6	6	45.89893041	34.44308909
'3D'E "('/-/'D'GH-31~D0G'(	T297	E4(© AD2Ì	NN	"HÌ2Ì	25	10	10	10	31'EÌ©Ì	31'EÌ©Ì	31'EÌ©Ì	31'EÌ©Ì	31'EÌ©Ì	31'EÌ©Ì	6	6	6	6	6	6	45.89619098	34.4424058
'3D'E "('/-/'D'GH-31~D0G'(	S298	E4(© AD2Ì	NN	"HÌ2Ì	25	10	10	10	31'EÌ©Ì	31'EÌ©Ì	31'EÌ©Ì	31'EÌ©Ì	31'EÌ©Ì	31'EÌ©Ì	6	6	6	6	6	6	45.89452084	34.4409391
'3D'E "('/-/'D'GH-31~D0G'(	S299	E4(© AD2Ì	NN	"HÌ2Ì	25	10	10	10	31'EÌ©Ì	31'EÌ©Ì	31'EÌ©Ì	31'EÌ©Ì	31'EÌ©Ì	31'EÌ©Ì	6	6	6	6	6	6	45.89238934	34.43906994
'3D'E "('/-/'D'GH-31~D0G'(	S300	E4(© AD2Ì	NN	"HÌ2Ì	25	10	10	10	31'EÌ©Ì	31'EÌ©Ì	31'EÌ©Ì	31'EÌ©Ì	31'EÌ©Ì	31'EÌ©Ì	6	6	6	6	6	6	45.89016999	34.43712022
'3D'E "('/-/'D'GH-31~D0G'(	S301	E4(© AD2Ì	NN	"HÌ2Ì	25	10	10	10	31'EÌ©Ì	31'EÌ©Ì	31'EÌ©Ì	31'EÌ©Ì	31'EÌ©Ì	31'EÌ©Ì	6	6	6	6	6	6	45.88822541	34.43541195
'3D'E "('/-/'D'GH-31~D0G'(	S302	E4(© AD2Ì	NN	"HÌ2Ì	25	10	10	10	31'EÌ©Ì	31'EÌ©Ì	31'EÌ©Ì	31'EÌ©Ì	31'EÌ©Ì	31'EÌ©Ì	6	6	6	6	6	6	45.88596226	34.43341738
'3D'E "('/-/'D'GH-31~D0G'(	T303	E4(© AD2Ì	NN	"HÌ2Ì	25	10	10	10	31'EÌ©Ì	31'EÌ©Ì	31'EÌ©Ì	31'EÌ©Ì	31'EÌ©Ì	31'EÌ©Ì	6	6	6	6	6	6	45.88390816	34.43162866
'3D'E "('/-/'D'GH-31~D0G'(	T304	E4(© AD2Ì	NN	"HÌ2Ì	25	10	10	10	31'EÌ©Ì	31'EÌ©Ì	31'EÌ©Ì	31'EÌ©Ì	31'EÌ©Ì	31'EÌ©Ì	6	6	6	6	6	6	45.8840229	34.43012185
'3D'E "('/-/'D'GH-31~D0G'(	T305	E4(© AD2Ì	NN	"HÌ2Ì	25	10	10	10	31'EÌ©Ì	31'EÌ©Ì	31'EÌ©Ì	31'EÌ©Ì	31'EÌ©Ì	31'EÌ©Ì	6	6	6	6	6	6	45.88458846	34.42905364
'3D'E "('/-/'D'GH-31~D0G'(	S306	E4(© AD2Ì	NN	"HÌ2Ì	25	10	10	10	31'EÌ©Ì	31'EÌ©Ì	31'EÌ©Ì	31'EÌ©Ì	31'EÌ©Ì	31'EÌ©Ì	6	6	6	6	6	6	45.88657072	34.42713651
'3D'E "('/-/'D'GH-31~D0G'(	S307	E4(© AD2Ì	NN	"HÌ2Ì	25	10	10	10	31'EÌ©Ì	31'EÌ©Ì	31'EÌ©Ì	31'EÌ©Ì	31'EÌ©Ì	31'EÌ©Ì	6	6	6	6	6	6	45.8882189	34.4255374
'3D'E "('/-/'D'GH-31~D0G'(	S308	E4(© AD2Ì	NN	"HÌ2Ì	25	10	10	10	31'EÌ©Ì	31'EÌ©Ì	31'EÌ©Ì	31'EÌ©Ì	31'EÌ©Ì	31'EÌ©Ì	6	6	6	6	6	6	45.8901903	34.42363833
'3D'E "('/-/'D'GH-31~D0G'(	S309	E4(© AD2Ì	NN	"HÌ2Ì	25	10	10	10	31'EÌ©Ì	31'EÌ©Ì	31'EÌ©Ì	31'EÌ©Ì	31'EÌ©Ì	31'EÌ©Ì	6	6	6	6	6	6	45.89216162	34.42173922
'3D'E "('/-/'D'GH-31~D0G'(	S310	E4(© AD2Ì	NN	"HÌ2Ì	25	10	10	10	31'EÌ©Ì	31'EÌ©Ì	31'EÌ©Ì	31'EÌ©Ì	31'EÌ©Ì	31'EÌ©Ì	6	6	6	6	6	6	45.89399274	34.41996736
'3D'E "('/-/'D'GH-31~D0G'(	S311	E4(© AD2Ì	NN	"HÌ2Ì	25	10	10	10	31'EÌ©Ì	31'EÌ©Ì	31'EÌ©Ì	31'EÌ©Ì	31'EÌ©Ì	31'EÌ©Ì	6	6	6	6	6	6	45.89604997	34.41797739
'3D'E "('/-/'D'GH-31~D0G'(	S312	E4(© AD2Ì	NN	"HÌ2Ì	25	10	10	10	31'EÌ©Ì	31'EÌ©Ì	31'EÌ©Ì	31'EÌ©Ì	31'EÌ©Ì	31'EÌ©Ì	6	6	6	6	6	6	45.89769798	34.41639619
'3D'E "('/-/'D'GH-31~D0G'(	S313	E4(© AD2Ì	NN	"HÌ2Ì	25	10	10	10	31'EÌ©Ì	31'EÌ©Ì	31'EÌ©Ì	31'EÌ©Ì	31'EÌ©Ì	31'EÌ©Ì	6	6	6	6	6	6	45.89960425	34.41455155
'3D'E "('/-/'D'GH-31~D0G'(	S314	E4(© AD2Ì	NN	"HÌ2Ì	25	10	10	10	31'EÌ©Ì	31'EÌ©Ì	31'EÌ©Ì	31'EÌ©Ì	31'EÌ©Ì	31'EÌ©Ì	6	6	6	6	6	6	45.90158593	34.4126432
'3D'E "('/-/'D'GH-31~D0G'(	S315	E4(© AD2Ì	NN	"HÌ2Ì	25	10	10	10	31'EÌ©Ì	31'EÌ©Ì	31'EÌ©Ì	31'EÌ©Ì	31'EÌ©Ì	31'EÌ©Ì	6	6	6	6	6	6	45.90343812	34.41084398
'3D'E "('/-/'D'GH-31~D0G'(	S316	E4(© AD2Ì	NN	"HÌ2Ì	25	10	10	10	31'EÌ©Ì	31'EÌ©Ì	31'EÌ©Ì	31'EÌ©Ì	31'EÌ©Ì	31'EÌ©Ì	6	6	6	6	6	6	45.90508585	34.40926269
'3D'E "('/-/'D'GH-31~D0G'(	T317	E4(© AD2Ì	NN	"HÌ2Ì	25	10	10	10	31'EÌ©Ì	31'EÌ©Ì	31'EÌ©Ì	31'EÌ©Ì	31'EÌ©Ì	31'EÌ©Ì	6	6	6	6	6	6	45.9069272	34.40748154
'3D'E "('/-/'D'GH-31~D0G'(	T318	E4(© AD2Ì	NN	"HÌ2Ì	25	10	10	10	31'EÌ©Ì	31'EÌ©Ì	31'EÌ©Ì	31'EÌ©Ì	31'EÌ©Ì	31'EÌ©Ì	6	6	6	6	6	6	45.9095312	34.4078139
'3D'E "('/-/'D'GH-31~D0G'(	S319	E4(© AD2Ì	NN	"HÌ2Ì	25	10	10	10	31'EÌ©Ì	31'EÌ©Ì	31'EÌ©Ì	31'EÌ©Ì	31'EÌ©Ì	31'EÌ©Ì	6	6	6	6	6	6	45.91243662	34.40784637
'3D'E "('/-/'D'GH-31~D0G'(	S320	E4(© AD2Ì	NN	"HÌ2Ì	25	10	10	10	31'EÌ©Ì	31'EÌ©Ì	31'EÌ©Ì	31'EÌ©Ì	31'EÌ©Ì	31'EÌ©Ì	6	6	6	6	6	6	45.91455842	34.40785758
'3D'E "('/-/'D'GH-31~D0G'(	S321	E4(© AD2Ì	NN	"HÌ2Ì	25	10	10	10	31'EÌ©Ì	31'EÌ©Ì	31'EÌ©Ì	31'EÌ©Ì	31'EÌ©Ì	31'EÌ©Ì	6	6	6	6	6	6	45.9170613	34.40789295
'3D'E "('/-/'D'GH-31~D0G'(	T322	E4(© AD2Ì	NN	"HÌ2Ì	25	10	10	10	31'EÌ©Ì	31'EÌ©Ì	31'EÌ©Ì	31'EÌ©Ì	31'EÌ©Ì	31'EÌ©Ì	6	6	6	6	6	6	45.91974903	34.40791786
'3D'E "('/-/'D'GH-31~D0G'(	Te323	E4(© AD2Ì	NN	"HÌ2Ì	25	10	10	10	31'EÌ©Ì	31'EÌ©Ì	31'EÌ©Ì	31'EÌ©Ì	31'EÌ©Ì	31'EÌ©Ì	6	6	6	6	6	6	45.92218614	34.40790853
